INFO 2025-05-08 17:06:16,773 autoreload 7104 25060 Watching for file changes with StatReloader
DEBUG 2025-05-08 17:06:16,775 autoreload 7104 25060 Waiting for apps ready_event.
DEBUG 2025-05-08 17:06:17,593 autoreload 7104 25060 Apps ready_event triggered. Sending autoreload_started signal.
DEBUG 2025-05-08 17:06:17,634 autoreload 7104 25060 Watching dir C:\Users\Нияз\PycharmProjects\metallurg_production\shift_assignment\templates with glob **/*.
DEBUG 2025-05-08 17:06:17,635 autoreload 7104 25060 Watching dir C:\Users\Нияз\PycharmProjects\metallurg_production\templates with glob **/*.
DEBUG 2025-05-08 17:06:17,635 autoreload 7104 25060 Watching dir C:\Users\Нияз\PycharmProjects\metallurg_production\production_plan\templates with glob **/*.
DEBUG 2025-05-08 17:06:17,636 autoreload 7104 25060 Watching dir C:\Users\Нияз\PycharmProjects\metallurg_production\users\templates with glob **/*.
DEBUG 2025-05-08 17:06:17,636 autoreload 7104 25060 Watching dir C:\Users\Нияз\PycharmProjects\metallurg_production\locale with glob **/*.mo.
DEBUG 2025-05-08 17:06:17,637 autoreload 7104 25060 Watching dir C:\Users\Нияз\PycharmProjects\metallurg_production\.venv\Lib\site-packages\crispy_forms\locale with glob **/*.mo.
DEBUG 2025-05-08 17:06:17,637 autoreload 7104 25060 Watching dir C:\Users\Нияз\PycharmProjects\metallurg_production\users\locale with glob **/*.mo.
DEBUG 2025-05-08 17:06:17,637 autoreload 7104 25060 Watching dir C:\Users\Нияз\PycharmProjects\metallurg_production\production_plan\locale with glob **/*.mo.
DEBUG 2025-05-08 17:06:17,638 autoreload 7104 25060 Watching dir C:\Users\Нияз\PycharmProjects\metallurg_production\shift_assignment\locale with glob **/*.mo.
DEBUG 2025-05-08 17:06:17,811 utils 7104 24176 (0.032) 
            SELECT
                c.relname,
                CASE
                    WHEN c.relispartition THEN 'p'
                    WHEN c.relkind IN ('m', 'v') THEN 'v'
                    ELSE 't'
                END,
                obj_description(c.oid, 'pg_class')
            FROM pg_catalog.pg_class c
            LEFT JOIN pg_catalog.pg_namespace n ON n.oid = c.relnamespace
            WHERE c.relkind IN ('f', 'm', 'p', 'r', 'v')
                AND n.nspname NOT IN ('pg_catalog', 'pg_toast')
                AND pg_catalog.pg_table_is_visible(c.oid)
        ; args=None; alias=default
DEBUG 2025-05-08 17:06:17,815 utils 7104 24176 (0.000) SELECT "django_migrations"."id", "django_migrations"."app", "django_migrations"."name", "django_migrations"."applied" FROM "django_migrations"; args=(); alias=default
DEBUG 2025-05-08 17:06:17,989 autoreload 7104 25060 File C:\Users\Нияз\PycharmProjects\metallurg_production\.venv\Lib\site-packages\pandas\core\algorithms.py first seen with mtime 1744484128.160534
DEBUG 2025-05-08 17:06:17,990 autoreload 7104 25060 File C:\Users\Нияз\PycharmProjects\metallurg_production\.venv\Lib\site-packages\django\template\backends\base.py first seen with mtime 1744465212.5189903
DEBUG 2025-05-08 17:06:17,990 autoreload 7104 25060 File C:\Users\Нияз\PycharmProjects\metallurg_production\.venv\Lib\site-packages\django\core\serializers\json.py first seen with mtime 1744465212.2354898
DEBUG 2025-05-08 17:06:17,990 autoreload 7104 25060 File C:\Users\Нияз\PycharmProjects\metallurg_production\.venv\Lib\site-packages\pandas\core\strings\object_array.py first seen with mtime 1744484128.5006013
DEBUG 2025-05-08 17:06:17,991 autoreload 7104 25060 File C:\Users\Нияз\PycharmProjects\metallurg_production\.venv\Lib\site-packages\pandas\_libs\tslibs\strptime.cp312-win_amd64.pyd first seen with mtime 1744484130.9812887
DEBUG 2025-05-08 17:06:17,991 autoreload 7104 25060 File C:\Users\Нияз\PycharmProjects\metallurg_production\.venv\Lib\site-packages\numpy\lib\array_utils.py first seen with mtime 1744484117.206988
DEBUG 2025-05-08 17:06:17,991 autoreload 7104 25060 File C:\Users\Нияз\PycharmProjects\metallurg_production\.venv\Lib\site-packages\django\db\migrations\exceptions.py first seen with mtime 1744465212.307402
DEBUG 2025-05-08 17:06:17,993 autoreload 7104 25060 File C:\Users\Нияз\PycharmProjects\metallurg_production\.venv\Lib\site-packages\django\core\checks\templates.py first seen with mtime 1744465212.1636758
DEBUG 2025-05-08 17:06:17,993 autoreload 7104 25060 File C:\Users\Нияз\PycharmProjects\metallurg_production\.venv\Lib\site-packages\django\db\migrations\state.py first seen with mtime 1744465212.3175328
DEBUG 2025-05-08 17:06:17,993 autoreload 7104 25060 File C:\Users\Нияз\PycharmProjects\metallurg_production\.venv\Lib\site-packages\pandas\core\computation\engines.py first seen with mtime 1744484128.3366487
DEBUG 2025-05-08 17:06:17,993 autoreload 7104 25060 File C:\Users\Нияз\PycharmProjects\metallurg_production\.venv\Lib\site-packages\pandas\core\indexes\base.py first seen with mtime 1744484128.4044583
DEBUG 2025-05-08 17:06:17,993 autoreload 7104 25060 File C:\Users\Нияз\PycharmProjects\metallurg_production\.venv\Lib\site-packages\pandas\core\arrays\arrow\array.py first seen with mtime 1744484128.2847278
DEBUG 2025-05-08 17:06:17,994 autoreload 7104 25060 File C:\Users\Нияз\PycharmProjects\metallurg_production\.venv\Lib\site-packages\sqlparse\engine\statement_splitter.py first seen with mtime 1744465207.346605
DEBUG 2025-05-08 17:06:17,994 autoreload 7104 25060 File C:\Users\Нияз\PycharmProjects\metallurg_production\.venv\Lib\site-packages\pandas\_libs\window\aggregations.cp312-win_amd64.pyd first seen with mtime 1744484131.0084164
DEBUG 2025-05-08 17:06:17,994 autoreload 7104 25060 File C:\Users\Нияз\PycharmProjects\metallurg_production\.venv\Lib\site-packages\pandas\io\json\_json.py first seen with mtime 1744484128.6096268
DEBUG 2025-05-08 17:06:17,994 autoreload 7104 25060 File C:\Users\Нияз\PycharmProjects\metallurg_production\.venv\Lib\site-packages\pandas\io\parsers\arrow_parser_wrapper.py first seen with mtime 1744484128.6310928
DEBUG 2025-05-08 17:06:17,994 autoreload 7104 25060 File C:\Users\Нияз\PycharmProjects\metallurg_production\.venv\Lib\site-packages\django\utils\timesince.py first seen with mtime 1744465212.5804107
DEBUG 2025-05-08 17:06:17,995 autoreload 7104 25060 File C:\Users\Нияз\AppData\Local\Programs\Python\Python312\Lib\zipfile\__init__.py first seen with mtime 1712656218.0
DEBUG 2025-05-08 17:06:17,995 autoreload 7104 25060 File C:\Users\Нияз\PycharmProjects\metallurg_production\.venv\Lib\site-packages\numpy\_core\memmap.py first seen with mtime 1744484117.5138824
DEBUG 2025-05-08 17:06:17,995 autoreload 7104 25060 File C:\Users\Нияз\PycharmProjects\metallurg_production\users\forms.py first seen with mtime 1746204543.0395346
DEBUG 2025-05-08 17:06:17,995 autoreload 7104 25060 File C:\Users\Нияз\PycharmProjects\metallurg_production\production_plan\views.py first seen with mtime 1746703064.639367
DEBUG 2025-05-08 17:06:17,995 autoreload 7104 25060 File C:\Users\Нияз\PycharmProjects\metallurg_production\.venv\Lib\site-packages\django\middleware\cache.py first seen with mtime 1744465212.488603
DEBUG 2025-05-08 17:06:17,996 autoreload 7104 25060 File C:\Users\Нияз\PycharmProjects\metallurg_production\.venv\Lib\site-packages\pandas\io\spss.py first seen with mtime 1744484128.5572832
DEBUG 2025-05-08 17:06:17,996 autoreload 7104 25060 File C:\Users\Нияз\AppData\Local\Programs\Python\Python312\Lib\gzip.py first seen with mtime 1712656218.0
DEBUG 2025-05-08 17:06:17,996 autoreload 7104 25060 File C:\Users\Нияз\PycharmProjects\metallurg_production\.venv\Lib\site-packages\numpy\_core\_add_newdocs_scalars.py first seen with mtime 1744484117.531263
DEBUG 2025-05-08 17:06:17,996 autoreload 7104 25060 File C:\Users\Нияз\PycharmProjects\metallurg_production\.venv\Lib\site-packages\django\template\defaultfilters.py first seen with mtime 1744465212.5062647
DEBUG 2025-05-08 17:06:17,996 autoreload 7104 25060 File C:\Users\Нияз\PycharmProjects\metallurg_production\.venv\Lib\site-packages\pandas\_libs\ops.cp312-win_amd64.pyd first seen with mtime 1744484130.8766496
DEBUG 2025-05-08 17:06:17,997 autoreload 7104 25060 File C:\Users\Нияз\PycharmProjects\metallurg_production\config\settings.py first seen with mtime 1746705963.7245965
DEBUG 2025-05-08 17:06:17,997 autoreload 7104 25060 File C:\Users\Нияз\PycharmProjects\metallurg_production\.venv\Lib\site-packages\django\db\migrations\graph.py first seen with mtime 1744465212.3097222
DEBUG 2025-05-08 17:06:17,998 autoreload 7104 25060 File C:\Users\Нияз\PycharmProjects\metallurg_production\.venv\Lib\site-packages\django\core\cache\utils.py first seen with mtime 1744465212.143721
DEBUG 2025-05-08 17:06:17,998 autoreload 7104 25060 File C:\Users\Нияз\PycharmProjects\metallurg_production\.venv\Lib\site-packages\pandas\core\_numba\__init__.py first seen with mtime 1744484128.5282638
DEBUG 2025-05-08 17:06:17,998 autoreload 7104 25060 File C:\Users\Нияз\PycharmProjects\metallurg_production\.venv\Lib\site-packages\pandas\_libs\tslibs\np_datetime.cp312-win_amd64.pyd first seen with mtime 1744484130.952173
DEBUG 2025-05-08 17:06:17,998 autoreload 7104 25060 File C:\Users\Нияз\PycharmProjects\metallurg_production\.venv\Lib\site-packages\django\db\models\base.py first seen with mtime 1744465212.328098
DEBUG 2025-05-08 17:06:17,998 autoreload 7104 25060 File C:\Users\Нияз\PycharmProjects\metallurg_production\.venv\Lib\site-packages\numpy\_core\_multiarray_umath.cp312-win_amd64.pyd first seen with mtime 1744484117.5718167
DEBUG 2025-05-08 17:06:17,998 autoreload 7104 25060 File C:\Users\Нияз\PycharmProjects\metallurg_production\.venv\Lib\site-packages\crispy_forms\layout_slice.py first seen with mtime 1746193173.122776
DEBUG 2025-05-08 17:06:17,999 autoreload 7104 25060 File C:\Users\Нияз\PycharmProjects\metallurg_production\.venv\Lib\site-packages\numpy\_utils\_convertions.py first seen with mtime 1744484117.703181
DEBUG 2025-05-08 17:06:17,999 autoreload 7104 25060 File C:\Users\Нияз\PycharmProjects\metallurg_production\.venv\Lib\site-packages\django\contrib\admin\decorators.py first seen with mtime 1744465208.518334
DEBUG 2025-05-08 17:06:17,999 autoreload 7104 25060 File C:\Users\Нияз\PycharmProjects\metallurg_production\.venv\Lib\site-packages\pandas\_libs\index.cp312-win_amd64.pyd first seen with mtime 1744484130.8126938
DEBUG 2025-05-08 17:06:17,999 autoreload 7104 25060 File C:\Users\Нияз\PycharmProjects\metallurg_production\.venv\Lib\site-packages\numpy\lib\_function_base_impl.py first seen with mtime 1744484117.2309637
DEBUG 2025-05-08 17:06:18,000 autoreload 7104 25060 File C:\Users\Нияз\AppData\Local\Programs\Python\Python312\Lib\asyncio\trsock.py first seen with mtime 1712656218.0
DEBUG 2025-05-08 17:06:18,000 autoreload 7104 25060 File C:\Users\Нияз\PycharmProjects\metallurg_production\.venv\Lib\site-packages\pandas\util\__init__.py first seen with mtime 1744484130.721485
DEBUG 2025-05-08 17:06:18,000 autoreload 7104 25060 File C:\Users\Нияз\PycharmProjects\metallurg_production\.venv\Lib\site-packages\django\db\models\fields\tuple_lookups.py first seen with mtime 1744465212.357151
DEBUG 2025-05-08 17:06:18,000 autoreload 7104 25060 File C:\Users\Нияз\PycharmProjects\metallurg_production\.venv\Lib\site-packages\django\forms\utils.py first seen with mtime 1744465212.3863196
DEBUG 2025-05-08 17:06:18,000 autoreload 7104 25060 File C:\Users\Нияз\PycharmProjects\metallurg_production\.venv\Lib\site-packages\pandas\api\types\__init__.py first seen with mtime 1744484128.1290996
DEBUG 2025-05-08 17:06:18,001 autoreload 7104 25060 File C:\Users\Нияз\PycharmProjects\metallurg_production\.venv\Lib\site-packages\django\db\models\__init__.py first seen with mtime 1744465212.3261034
DEBUG 2025-05-08 17:06:18,001 autoreload 7104 25060 File C:\Users\Нияз\PycharmProjects\metallurg_production\.venv\Lib\site-packages\pytz\exceptions.py first seen with mtime 1744484116.4220731
DEBUG 2025-05-08 17:06:18,001 autoreload 7104 25060 File C:\Users\Нияз\AppData\Local\Programs\Python\Python312\Lib\asyncio\selector_events.py first seen with mtime 1712656218.0
DEBUG 2025-05-08 17:06:18,010 autoreload 7104 25060 File C:\Users\Нияз\PycharmProjects\metallurg_production\.venv\Lib\site-packages\numpy\_core\_string_helpers.py first seen with mtime 1744484117.581308
DEBUG 2025-05-08 17:06:18,010 autoreload 7104 25060 File C:\Users\Нияз\AppData\Local\Programs\Python\Python312\Lib\email\_encoded_words.py first seen with mtime 1712656218.0
DEBUG 2025-05-08 17:06:18,011 autoreload 7104 25060 File C:\Users\Нияз\PycharmProjects\metallurg_production\.venv\Lib\site-packages\django\template\base.py first seen with mtime 1744465212.5022528
DEBUG 2025-05-08 17:06:18,011 autoreload 7104 25060 File C:\Users\Нияз\PycharmProjects\metallurg_production\.venv\Lib\site-packages\pandas\core\tools\datetimes.py first seen with mtime 1744484128.5019338
DEBUG 2025-05-08 17:06:18,011 autoreload 7104 25060 File C:\Users\Нияз\PycharmProjects\metallurg_production\.venv\Lib\site-packages\numpy\lib\npyio.py first seen with mtime 1744484117.2151923
DEBUG 2025-05-08 17:06:18,012 autoreload 7104 25060 File C:\Users\Нияз\PycharmProjects\metallurg_production\.venv\Lib\site-packages\numpy\random\_bounded_integers.cp312-win_amd64.pyd first seen with mtime 1744484117.3410404
DEBUG 2025-05-08 17:06:18,012 autoreload 7104 25060 File C:\Users\Нияз\PycharmProjects\metallurg_production\.venv\Lib\site-packages\numpy\lib\_histograms_impl.py first seen with mtime 1744484117.2309637
DEBUG 2025-05-08 17:06:18,012 autoreload 7104 25060 File C:\Users\Нияз\AppData\Local\Programs\Python\Python312\Lib\nturl2path.py first seen with mtime 1712656218.0
DEBUG 2025-05-08 17:06:18,013 autoreload 7104 25060 File C:\Users\Нияз\AppData\Local\Programs\Python\Python312\Lib\asyncio\timeouts.py first seen with mtime 1712656218.0
DEBUG 2025-05-08 17:06:18,013 autoreload 7104 25060 File C:\Users\Нияз\PycharmProjects\metallurg_production\.venv\Lib\site-packages\pandas\_testing\__init__.py first seen with mtime 1744484131.0208335
DEBUG 2025-05-08 17:06:18,013 autoreload 7104 25060 File C:\Users\Нияз\PycharmProjects\metallurg_production\.venv\Lib\site-packages\sqlparse\filters\right_margin.py first seen with mtime 1744465207.352747
DEBUG 2025-05-08 17:06:18,014 autoreload 7104 25060 File C:\Users\Нияз\PycharmProjects\metallurg_production\.venv\Lib\site-packages\django\utils\crypto.py first seen with mtime 1744465212.5535896
DEBUG 2025-05-08 17:06:18,014 autoreload 7104 25060 File C:\Users\Нияз\PycharmProjects\metallurg_production\.venv\Lib\site-packages\pandas\_libs\json.cp312-win_amd64.pyd first seen with mtime 1744484130.8587725
DEBUG 2025-05-08 17:06:18,014 autoreload 7104 25060 File C:\Users\Нияз\PycharmProjects\metallurg_production\.venv\Lib\site-packages\django\utils\decorators.py first seen with mtime 1744465212.558622
DEBUG 2025-05-08 17:06:18,015 autoreload 7104 25060 File C:\Users\Нияз\AppData\Local\Programs\Python\Python312\Lib\bz2.py first seen with mtime 1712656218.0
DEBUG 2025-05-08 17:06:18,015 autoreload 7104 25060 File C:\Users\Нияз\AppData\Local\Programs\Python\Python312\Lib\keyword.py first seen with mtime 1712656218.0
DEBUG 2025-05-08 17:06:18,015 autoreload 7104 25060 File C:\Users\Нияз\AppData\Local\Programs\Python\Python312\Lib\email\mime\base.py first seen with mtime 1712656218.0
DEBUG 2025-05-08 17:06:18,015 autoreload 7104 25060 File C:\Users\Нияз\AppData\Local\Programs\Python\Python312\Lib\email\mime\text.py first seen with mtime 1712656218.0
DEBUG 2025-05-08 17:06:18,015 autoreload 7104 25060 File C:\Users\Нияз\PycharmProjects\metallurg_production\.venv\Lib\site-packages\pandas\io\html.py first seen with mtime 1744484128.5482426
DEBUG 2025-05-08 17:06:18,017 autoreload 7104 25060 File C:\Users\Нияз\PycharmProjects\metallurg_production\.venv\Lib\site-packages\django\db\backends\base\features.py first seen with mtime 1744465212.2543807
DEBUG 2025-05-08 17:06:18,017 autoreload 7104 25060 File C:\Users\Нияз\AppData\Local\Programs\Python\Python312\Lib\wsgiref\handlers.py first seen with mtime 1712656218.0
DEBUG 2025-05-08 17:06:18,017 autoreload 7104 25060 File C:\Users\Нияз\PycharmProjects\metallurg_production\.venv\Lib\site-packages\asgiref\sync.py first seen with mtime 1744465207.8605912
DEBUG 2025-05-08 17:06:18,018 autoreload 7104 25060 File C:\Users\Нияз\AppData\Local\Programs\Python\Python312\Lib\queue.py first seen with mtime 1712656218.0
DEBUG 2025-05-08 17:06:18,018 autoreload 7104 25060 File C:\Users\Нияз\PycharmProjects\metallurg_production\.venv\Lib\site-packages\numpy\linalg\__init__.py first seen with mtime 1744484117.2780218
DEBUG 2025-05-08 17:06:18,018 autoreload 7104 25060 File C:\Users\Нияз\PycharmProjects\metallurg_production\.venv\Lib\site-packages\django\db\transaction.py first seen with mtime 1744465212.2445445
DEBUG 2025-05-08 17:06:18,019 autoreload 7104 25060 File C:\Users\Нияз\PycharmProjects\metallurg_production\.venv\Lib\site-packages\django\db\backends\signals.py first seen with mtime 1744465212.2490714
DEBUG 2025-05-08 17:06:18,019 autoreload 7104 25060 File C:\Users\Нияз\PycharmProjects\metallurg_production\.venv\Lib\site-packages\django\db\models\fields\related_descriptors.py first seen with mtime 1744465212.3536386
DEBUG 2025-05-08 17:06:18,019 autoreload 7104 25060 File C:\Users\Нияз\PycharmProjects\metallurg_production\.venv\Lib\site-packages\pandas\testing.py first seen with mtime 1744484128.106225
DEBUG 2025-05-08 17:06:18,020 autoreload 7104 25060 File C:\Users\Нияз\AppData\Local\Programs\Python\Python312\DLLs\_ctypes.pyd first seen with mtime 1712656262.0
DEBUG 2025-05-08 17:06:18,020 autoreload 7104 25060 File C:\Users\Нияз\PycharmProjects\metallurg_production\.venv\Lib\site-packages\django\db\migrations\questioner.py first seen with mtime 1744465212.3141167
DEBUG 2025-05-08 17:06:18,020 autoreload 7104 25060 File C:\Users\Нияз\PycharmProjects\metallurg_production\.venv\Lib\site-packages\asgiref\current_thread_executor.py first seen with mtime 1744465207.8571925
DEBUG 2025-05-08 17:06:18,020 autoreload 7104 25060 File C:\Users\Нияз\PycharmProjects\metallurg_production\.venv\Lib\site-packages\django\core\files\locks.py first seen with mtime 1744465212.1739743
DEBUG 2025-05-08 17:06:18,021 autoreload 7104 25060 File C:\Users\Нияз\PycharmProjects\metallurg_production\.venv\Lib\site-packages\django\template\smartif.py first seen with mtime 1744465212.5163207
DEBUG 2025-05-08 17:06:18,021 autoreload 7104 25060 File C:\Users\Нияз\AppData\Local\Programs\Python\Python312\Lib\re\_casefix.py first seen with mtime 1712656218.0
DEBUG 2025-05-08 17:06:18,021 autoreload 7104 25060 File C:\Users\Нияз\AppData\Local\Programs\Python\Python312\Lib\email\mime\multipart.py first seen with mtime 1712656218.0
DEBUG 2025-05-08 17:06:18,022 autoreload 7104 25060 File C:\Users\Нияз\AppData\Local\Programs\Python\Python312\Lib\encodings\aliases.py first seen with mtime 1712656218.0
DEBUG 2025-05-08 17:06:18,022 autoreload 7104 25060 File C:\Users\Нияз\AppData\Local\Programs\Python\Python312\Lib\socket.py first seen with mtime 1712656218.0
DEBUG 2025-05-08 17:06:18,022 autoreload 7104 25060 File C:\Users\Нияз\PycharmProjects\metallurg_production\.venv\Lib\site-packages\pandas\_config\__init__.py first seen with mtime 1744484130.7313836
DEBUG 2025-05-08 17:06:18,022 autoreload 7104 25060 File C:\Users\Нияз\PycharmProjects\metallurg_production\.venv\Lib\site-packages\django\core\checks\security\__init__.py first seen with mtime 1744465212.1678772
DEBUG 2025-05-08 17:06:18,023 autoreload 7104 25060 File C:\Users\Нияз\PycharmProjects\metallurg_production\.venv\Lib\site-packages\pandas\core\dtypes\cast.py first seen with mtime 1744484128.357371
DEBUG 2025-05-08 17:06:18,023 autoreload 7104 25060 File C:\Users\Нияз\AppData\Local\Programs\Python\Python312\Lib\pprint.py first seen with mtime 1712656218.0
DEBUG 2025-05-08 17:06:18,023 autoreload 7104 25060 File C:\Users\Нияз\PycharmProjects\metallurg_production\.venv\Lib\site-packages\pandas\io\sas\__init__.py first seen with mtime 1744484128.649657
DEBUG 2025-05-08 17:06:18,023 autoreload 7104 25060 File C:\Users\Нияз\PycharmProjects\metallurg_production\.venv\Lib\site-packages\django\db\backends\__init__.py first seen with mtime 1744465212.2461705
DEBUG 2025-05-08 17:06:18,023 autoreload 7104 25060 File C:\Users\Нияз\PycharmProjects\metallurg_production\.venv\Lib\site-packages\numpy\lib\_npyio_impl.py first seen with mtime 1744484117.2309637
DEBUG 2025-05-08 17:06:18,025 autoreload 7104 25060 File C:\Users\Нияз\PycharmProjects\metallurg_production\.venv\Lib\site-packages\django\db\backends\postgresql\client.py first seen with mtime 1744465212.2863674
DEBUG 2025-05-08 17:06:18,025 autoreload 7104 25060 File C:\Users\Нияз\PycharmProjects\metallurg_production\.venv\Lib\site-packages\pandas\_libs\window\indexers.cp312-win_amd64.pyd first seen with mtime 1744484131.0142977
DEBUG 2025-05-08 17:06:18,025 autoreload 7104 25060 File C:\Users\Нияз\AppData\Local\Programs\Python\Python312\Lib\re\_compiler.py first seen with mtime 1712656218.0
DEBUG 2025-05-08 17:06:18,025 autoreload 7104 25060 File C:\Users\Нияз\PycharmProjects\metallurg_production\.venv\Lib\site-packages\django\core\checks\commands.py first seen with mtime 1744465212.157746
DEBUG 2025-05-08 17:06:18,026 autoreload 7104 25060 File C:\Users\Нияз\PycharmProjects\metallurg_production\.venv\Lib\site-packages\pandas\compat\_optional.py first seen with mtime 1744484128.1481855
DEBUG 2025-05-08 17:06:18,026 autoreload 7104 25060 File C:\Users\Нияз\PycharmProjects\metallurg_production\.venv\Lib\site-packages\django\db\migrations\recorder.py first seen with mtime 1744465212.315128
DEBUG 2025-05-08 17:06:18,026 autoreload 7104 25060 File C:\Users\Нияз\PycharmProjects\metallurg_production\.venv\Lib\site-packages\django\core\files\move.py first seen with mtime 1744465212.1749704
DEBUG 2025-05-08 17:06:18,026 autoreload 7104 25060 File C:\Users\Нияз\PycharmProjects\metallurg_production\.venv\Lib\site-packages\psycopg2\_ipaddress.py first seen with mtime 1744471201.8580222
DEBUG 2025-05-08 17:06:18,026 autoreload 7104 25060 File C:\Users\Нияз\PycharmProjects\metallurg_production\.venv\Lib\site-packages\django\core\checks\model_checks.py first seen with mtime 1744465212.1621814
DEBUG 2025-05-08 17:06:18,026 autoreload 7104 25060 File C:\Users\Нияз\PycharmProjects\metallurg_production\.venv\Lib\site-packages\django\contrib\sessions\exceptions.py first seen with mtime 1744465211.4257348
DEBUG 2025-05-08 17:06:18,027 autoreload 7104 25060 File C:\Users\Нияз\PycharmProjects\metallurg_production\.venv\Lib\site-packages\django\db\backends\postgresql\features.py first seen with mtime 1744465212.2883615
DEBUG 2025-05-08 17:06:18,027 autoreload 7104 25060 File C:\Users\Нияз\PycharmProjects\metallurg_production\.venv\Lib\site-packages\django\template\autoreload.py first seen with mtime 1744465212.5007558
DEBUG 2025-05-08 17:06:18,027 autoreload 7104 25060 File C:\Users\Нияз\PycharmProjects\metallurg_production\.venv\Lib\site-packages\django\views\debug.py first seen with mtime 1744465212.5928822
DEBUG 2025-05-08 17:06:18,027 autoreload 7104 25060 File C:\Users\Нияз\PycharmProjects\metallurg_production\.venv\Lib\site-packages\pandas\core\array_algos\datetimelike_accumulations.py first seen with mtime 1744484128.3081558
DEBUG 2025-05-08 17:06:18,028 autoreload 7104 25060 File C:\Users\Нияз\PycharmProjects\metallurg_production\.venv\Lib\site-packages\numpy\lib\format.py first seen with mtime 1744484117.206988
DEBUG 2025-05-08 17:06:18,028 autoreload 7104 25060 File C:\Users\Нияз\PycharmProjects\metallurg_production\.venv\Lib\site-packages\django\db\backends\base\introspection.py first seen with mtime 1744465212.2554975
DEBUG 2025-05-08 17:06:18,028 autoreload 7104 25060 File C:\Users\Нияз\PycharmProjects\metallurg_production\.venv\Lib\site-packages\django\db\backends\postgresql\base.py first seen with mtime 1744465212.285355
DEBUG 2025-05-08 17:06:18,029 autoreload 7104 25060 File C:\Users\Нияз\PycharmProjects\metallurg_production\.venv\Lib\site-packages\numpy\_core\multiarray.py first seen with mtime 1744484117.5138824
DEBUG 2025-05-08 17:06:18,029 autoreload 7104 25060 File C:\Users\Нияз\PycharmProjects\metallurg_production\.venv\Lib\site-packages\django\db\models\fields\json.py first seen with mtime 1744465212.3488495
DEBUG 2025-05-08 17:06:18,029 autoreload 7104 25060 File C:\Users\Нияз\PycharmProjects\metallurg_production\.venv\Lib\site-packages\pandas\io\formats\printing.py first seen with mtime 1744484128.5980356
DEBUG 2025-05-08 17:06:18,029 autoreload 7104 25060 File C:\Users\Нияз\PycharmProjects\metallurg_production\.venv\Lib\site-packages\django\db\models\fields\mixins.py first seen with mtime 1744465212.3498492
DEBUG 2025-05-08 17:06:18,030 autoreload 7104 25060 File C:\Users\Нияз\PycharmProjects\metallurg_production\.venv\Lib\site-packages\django\contrib\auth\admin.py first seen with mtime 1744465209.3948565
DEBUG 2025-05-08 17:06:18,030 autoreload 7104 25060 File C:\Users\Нияз\PycharmProjects\metallurg_production\.venv\Lib\site-packages\django\http\multipartparser.py first seen with mtime 1744465212.484254
DEBUG 2025-05-08 17:06:18,030 autoreload 7104 25060 File C:\Users\Нияз\PycharmProjects\metallurg_production\.venv\Lib\site-packages\django\views\generic\__init__.py first seen with mtime 1744465212.6055567
DEBUG 2025-05-08 17:06:18,031 autoreload 7104 25060 File C:\Users\Нияз\PycharmProjects\metallurg_production\.venv\Lib\site-packages\numpy\_core\_machar.py first seen with mtime 1744484117.5451596
DEBUG 2025-05-08 17:06:18,031 autoreload 7104 25060 File C:\Users\Нияз\PycharmProjects\metallurg_production\.venv\Lib\site-packages\pandas\io\excel\__init__.py first seen with mtime 1744484128.582276
DEBUG 2025-05-08 17:06:18,031 autoreload 7104 25060 File C:\Users\Нияз\PycharmProjects\metallurg_production\.venv\Lib\site-packages\sqlparse\exceptions.py first seen with mtime 1744465207.338603
DEBUG 2025-05-08 17:06:18,031 autoreload 7104 25060 File C:\Users\Нияз\PycharmProjects\metallurg_production\shift_assignment\views.py first seen with mtime 1746604969.3351982
DEBUG 2025-05-08 17:06:18,032 autoreload 7104 25060 File C:\Users\Нияз\PycharmProjects\metallurg_production\.venv\Lib\site-packages\django\db\models\sql\__init__.py first seen with mtime 1744465212.3667545
DEBUG 2025-05-08 17:06:18,032 autoreload 7104 25060 File C:\Users\Нияз\AppData\Local\Programs\Python\Python312\Lib\platform.py first seen with mtime 1712656218.0
DEBUG 2025-05-08 17:06:18,032 autoreload 7104 25060 File C:\Users\Нияз\PycharmProjects\metallurg_production\.venv\Lib\site-packages\pandas\core\dtypes\inference.py first seen with mtime 1744484128.3690114
DEBUG 2025-05-08 17:06:18,032 autoreload 7104 25060 File C:\Users\Нияз\PycharmProjects\metallurg_production\.venv\Lib\site-packages\sqlparse\filters\tokens.py first seen with mtime 1744465207.352747
DEBUG 2025-05-08 17:06:18,033 autoreload 7104 25060 File C:\Users\Нияз\PycharmProjects\metallurg_production\.venv\Lib\site-packages\django\contrib\admin\views\__init__.py first seen with mtime 1744465209.1366005
DEBUG 2025-05-08 17:06:18,033 autoreload 7104 25060 File C:\Users\Нияз\PycharmProjects\metallurg_production\shift_assignment\forms.py first seen with mtime 1746561393.85149
DEBUG 2025-05-08 17:06:18,033 autoreload 7104 25060 File C:\Users\Нияз\PycharmProjects\metallurg_production\.venv\Lib\site-packages\crispy_forms\templatetags\crispy_forms_tags.py first seen with mtime 1746193173.1247735
DEBUG 2025-05-08 17:06:18,034 autoreload 7104 25060 File C:\Users\Нияз\AppData\Local\Programs\Python\Python312\Lib\logging\__init__.py first seen with mtime 1712656218.0
DEBUG 2025-05-08 17:06:18,034 autoreload 7104 25060 File C:\Users\Нияз\AppData\Local\Programs\Python\Python312\Lib\random.py first seen with mtime 1712656218.0
DEBUG 2025-05-08 17:06:18,034 autoreload 7104 25060 File C:\Users\Нияз\PycharmProjects\metallurg_production\.venv\Lib\site-packages\pandas\_libs\tslibs\base.cp312-win_amd64.pyd first seen with mtime 1744484130.9269462
DEBUG 2025-05-08 17:06:18,034 autoreload 7104 25060 File C:\Users\Нияз\PycharmProjects\metallurg_production\.venv\Lib\site-packages\pandas\_libs\tslibs\timedeltas.cp312-win_amd64.pyd first seen with mtime 1744484130.987487
DEBUG 2025-05-08 17:06:18,035 autoreload 7104 25060 File C:\Users\Нияз\PycharmProjects\metallurg_production\.venv\Lib\site-packages\numpy\_core\umath.py first seen with mtime 1744484117.531263
DEBUG 2025-05-08 17:06:18,035 autoreload 7104 25060 File C:\Users\Нияз\PycharmProjects\metallurg_production\.venv\Lib\site-packages\pandas\_libs\tslibs\fields.cp312-win_amd64.pyd first seen with mtime 1744484130.945172
DEBUG 2025-05-08 17:06:18,035 autoreload 7104 25060 File C:\Users\Нияз\PycharmProjects\metallurg_production\.venv\Lib\site-packages\psycopg2\__init__.py first seen with mtime 1744471201.8580222
DEBUG 2025-05-08 17:06:18,035 autoreload 7104 25060 File C:\Users\Нияз\PycharmProjects\metallurg_production\.venv\Lib\site-packages\pandas\core\computation\parsing.py first seen with mtime 1744484128.344579
DEBUG 2025-05-08 17:06:18,036 autoreload 7104 25060 File C:\Users\Нияз\PycharmProjects\metallurg_production\.venv\Lib\site-packages\pandas\core\util\numba_.py first seen with mtime 1744484128.508568
DEBUG 2025-05-08 17:06:18,036 autoreload 7104 25060 File C:\Users\Нияз\PycharmProjects\metallurg_production\.venv\Lib\site-packages\django\contrib\auth\signals.py first seen with mtime 1744465209.4059353
DEBUG 2025-05-08 17:06:18,036 autoreload 7104 25060 File C:\Users\Нияз\PycharmProjects\metallurg_production\.venv\Lib\site-packages\pandas\core\internals\concat.py first seen with mtime 1744484128.4437141
DEBUG 2025-05-08 17:06:18,036 autoreload 7104 25060 File C:\Users\Нияз\PycharmProjects\metallurg_production\.venv\Lib\site-packages\pandas\core\dtypes\generic.py first seen with mtime 1744484128.368351
DEBUG 2025-05-08 17:06:18,037 autoreload 7104 25060 File C:\Users\Нияз\AppData\Local\Programs\Python\Python312\Lib\urllib\error.py first seen with mtime 1712656218.0
DEBUG 2025-05-08 17:06:18,037 autoreload 7104 25060 File C:\Users\Нияз\PycharmProjects\metallurg_production\.venv\Lib\site-packages\django\db\migrations\autodetector.py first seen with mtime 1744465212.3063483
DEBUG 2025-05-08 17:06:18,037 autoreload 7104 25060 File C:\Users\Нияз\PycharmProjects\metallurg_production\.venv\Lib\site-packages\django\http\cookie.py first seen with mtime 1744465212.484254
DEBUG 2025-05-08 17:06:18,038 autoreload 7104 25060 File C:\Users\Нияз\PycharmProjects\metallurg_production\.venv\Lib\site-packages\sqlparse\engine\filter_stack.py first seen with mtime 1744465207.345369
DEBUG 2025-05-08 17:06:18,038 autoreload 7104 25060 File C:\Users\Нияз\AppData\Local\Programs\Python\Python312\Lib\asyncio\staggered.py first seen with mtime 1712656218.0
DEBUG 2025-05-08 17:06:18,038 autoreload 7104 25060 File C:\Users\Нияз\PycharmProjects\metallurg_production\.venv\Lib\site-packages\pandas\api\indexers\__init__.py first seen with mtime 1744484128.1231127
DEBUG 2025-05-08 17:06:18,038 autoreload 7104 25060 File C:\Users\Нияз\PycharmProjects\metallurg_production\.venv\Lib\site-packages\pandas\core\ops\common.py first seen with mtime 1744484128.4610386
DEBUG 2025-05-08 17:06:18,039 autoreload 7104 25060 File C:\Users\Нияз\PycharmProjects\metallurg_production\.venv\Lib\site-packages\psycopg2\extensions.py first seen with mtime 1744471201.8843331
DEBUG 2025-05-08 17:06:18,039 autoreload 7104 25060 File C:\Users\Нияз\AppData\Local\Programs\Python\Python312\Lib\asyncio\futures.py first seen with mtime 1712656218.0
DEBUG 2025-05-08 17:06:18,039 autoreload 7104 25060 File C:\Users\Нияз\PycharmProjects\metallurg_production\.venv\Lib\site-packages\pandas\core\internals\base.py first seen with mtime 1744484128.440136
DEBUG 2025-05-08 17:06:18,040 autoreload 7104 25060 File C:\Users\Нияз\PycharmProjects\metallurg_production\.venv\Lib\site-packages\django\contrib\auth\management\__init__.py first seen with mtime 1744465209.6315775
DEBUG 2025-05-08 17:06:18,040 autoreload 7104 25060 File C:\Users\Нияз\AppData\Local\Programs\Python\Python312\Lib\enum.py first seen with mtime 1712656218.0
DEBUG 2025-05-08 17:06:18,040 autoreload 7104 25060 File C:\Users\Нияз\AppData\Local\Programs\Python\Python312\Lib\csv.py first seen with mtime 1712656218.0
DEBUG 2025-05-08 17:06:18,040 autoreload 7104 25060 File C:\Users\Нияз\PycharmProjects\metallurg_production\.venv\Lib\site-packages\pandas\plotting\__init__.py first seen with mtime 1744484128.649657
DEBUG 2025-05-08 17:06:18,042 autoreload 7104 25060 File C:\Users\Нияз\PycharmProjects\metallurg_production\.venv\Lib\site-packages\django\core\files\storage\mixins.py first seen with mtime 1744465212.1855056
DEBUG 2025-05-08 17:06:18,042 autoreload 7104 25060 File C:\Users\Нияз\PycharmProjects\metallurg_production\.venv\Lib\site-packages\django\db\utils.py first seen with mtime 1744465212.2461705
DEBUG 2025-05-08 17:06:18,042 autoreload 7104 25060 File C:\Users\Нияз\AppData\Local\Programs\Python\Python312\DLLs\_decimal.pyd first seen with mtime 1712656262.0
DEBUG 2025-05-08 17:06:18,042 autoreload 7104 25060 File C:\Users\Нияз\PycharmProjects\metallurg_production\.venv\Lib\site-packages\pandas\core\dtypes\api.py first seen with mtime 1744484128.3542953
DEBUG 2025-05-08 17:06:18,043 autoreload 7104 25060 File C:\Users\Нияз\AppData\Local\Programs\Python\Python312\Lib\_compat_pickle.py first seen with mtime 1712656218.0
DEBUG 2025-05-08 17:06:18,043 autoreload 7104 25060 File C:\Users\Нияз\PycharmProjects\metallurg_production\.venv\Lib\site-packages\pandas\io\xml.py first seen with mtime 1744484128.5616913
DEBUG 2025-05-08 17:06:18,043 autoreload 7104 25060 File C:\Users\Нияз\PycharmProjects\metallurg_production\config\__init__.py first seen with mtime 1744465317.319562
DEBUG 2025-05-08 17:06:18,043 autoreload 7104 25060 File C:\Users\Нияз\PycharmProjects\metallurg_production\.venv\Lib\site-packages\pandas\core\missing.py first seen with mtime 1744484128.1955013
DEBUG 2025-05-08 17:06:18,044 autoreload 7104 25060 File C:\Users\Нияз\AppData\Local\Programs\Python\Python312\Lib\urllib\__init__.py first seen with mtime 1712656218.0
DEBUG 2025-05-08 17:06:18,044 autoreload 7104 25060 File C:\Users\Нияз\AppData\Local\Programs\Python\Python312\Lib\encodings\utf_8.py first seen with mtime 1712656218.0
DEBUG 2025-05-08 17:06:18,044 autoreload 7104 25060 File C:\Users\Нияз\PycharmProjects\metallurg_production\.venv\Lib\site-packages\django\utils\encoding.py first seen with mtime 1744465212.5616214
DEBUG 2025-05-08 17:06:18,045 autoreload 7104 25060 File C:\Users\Нияз\PycharmProjects\metallurg_production\.venv\Lib\site-packages\pytz\tzinfo.py first seen with mtime 1744484116.4265115
DEBUG 2025-05-08 17:06:18,045 autoreload 7104 25060 File C:\Users\Нияз\PycharmProjects\metallurg_production\.venv\Lib\site-packages\pandas\io\formats\__init__.py first seen with mtime 1744484128.6096268
DEBUG 2025-05-08 17:06:18,045 autoreload 7104 25060 File C:\Users\Нияз\AppData\Local\Programs\Python\Python312\Lib\operator.py first seen with mtime 1712656218.0
DEBUG 2025-05-08 17:06:18,045 autoreload 7104 25060 File C:\Users\Нияз\PycharmProjects\metallurg_production\.venv\Lib\site-packages\django\views\generic\list.py first seen with mtime 1744465212.6106515
DEBUG 2025-05-08 17:06:18,046 autoreload 7104 25060 File C:\Users\Нияз\PycharmProjects\metallurg_production\.venv\Lib\site-packages\django\db\models\expressions.py first seen with mtime 1744465212.333778
DEBUG 2025-05-08 17:06:18,047 autoreload 7104 25060 File C:\Users\Нияз\PycharmProjects\metallurg_production\.venv\Lib\site-packages\django\db\models\indexes.py first seen with mtime 1744465212.3347821
DEBUG 2025-05-08 17:06:18,047 autoreload 7104 25060 File C:\Users\Нияз\PycharmProjects\metallurg_production\.venv\Lib\site-packages\django\db\models\query.py first seen with mtime 1744465212.339216
DEBUG 2025-05-08 17:06:18,047 autoreload 7104 25060 File C:\Users\Нияз\AppData\Local\Programs\Python\Python312\Lib\asyncio\protocols.py first seen with mtime 1712656218.0
DEBUG 2025-05-08 17:06:18,047 autoreload 7104 25060 File C:\Users\Нияз\PycharmProjects\metallurg_production\.venv\Lib\site-packages\django\core\files\images.py first seen with mtime 1744465212.172963
DEBUG 2025-05-08 17:06:18,048 autoreload 7104 25060 File C:\Users\Нияз\PycharmProjects\metallurg_production\.venv\Lib\site-packages\pandas\core\window\__init__.py first seen with mtime 1744484128.5222
DEBUG 2025-05-08 17:06:18,048 autoreload 7104 25060 File C:\Users\Нияз\AppData\Local\Programs\Python\Python312\Lib\traceback.py first seen with mtime 1712656218.0
DEBUG 2025-05-08 17:06:18,048 autoreload 7104 25060 File C:\Users\Нияз\PycharmProjects\metallurg_production\.venv\Lib\site-packages\pandas\_config\dates.py first seen with mtime 1744484130.7270558
DEBUG 2025-05-08 17:06:18,048 autoreload 7104 25060 File C:\Users\Нияз\PycharmProjects\metallurg_production\.venv\Lib\site-packages\pandas\compat\compressors.py first seen with mtime 1744484128.1379814
DEBUG 2025-05-08 17:06:18,049 autoreload 7104 25060 File C:\Users\Нияз\PycharmProjects\metallurg_production\.venv\Lib\site-packages\pandas\core\groupby\indexing.py first seen with mtime 1744484128.3749974
DEBUG 2025-05-08 17:06:18,049 autoreload 7104 25060 File C:\Users\Нияз\PycharmProjects\metallurg_production\.venv\Lib\site-packages\django\contrib\auth\validators.py first seen with mtime 1744465209.4093711
DEBUG 2025-05-08 17:06:18,049 autoreload 7104 25060 File C:\Users\Нияз\PycharmProjects\metallurg_production\.venv\Lib\site-packages\django\contrib\contenttypes\apps.py first seen with mtime 1744465209.6490695
DEBUG 2025-05-08 17:06:18,049 autoreload 7104 25060 File C:\Users\Нияз\AppData\Local\Programs\Python\Python312\Lib\email\feedparser.py first seen with mtime 1712656218.0
DEBUG 2025-05-08 17:06:18,050 autoreload 7104 25060 File C:\Users\Нияз\PycharmProjects\metallurg_production\.venv\Lib\site-packages\pandas\core\dtypes\__init__.py first seen with mtime 1744484128.3735013
DEBUG 2025-05-08 17:06:18,050 autoreload 7104 25060 File C:\Users\Нияз\PycharmProjects\metallurg_production\.venv\Lib\site-packages\django\middleware\__init__.py first seen with mtime 1744465212.4875984
DEBUG 2025-05-08 17:06:18,051 autoreload 7104 25060 File C:\Users\Нияз\AppData\Local\Programs\Python\Python312\Lib\ipaddress.py first seen with mtime 1712656218.0
DEBUG 2025-05-08 17:06:18,051 autoreload 7104 25060 File C:\Users\Нияз\PycharmProjects\metallurg_production\.venv\Lib\site-packages\django\core\management\commands\makemigrations.py first seen with mtime 1744465212.2196052
DEBUG 2025-05-08 17:06:18,051 autoreload 7104 25060 File C:\Users\Нияз\PycharmProjects\metallurg_production\.venv\Lib\site-packages\django\forms\formsets.py first seen with mtime 1744465212.3828304
DEBUG 2025-05-08 17:06:18,052 autoreload 7104 25060 File C:\Users\Нияз\AppData\Local\Programs\Python\Python312\Lib\urllib\request.py first seen with mtime 1712656218.0
DEBUG 2025-05-08 17:06:18,052 autoreload 7104 25060 File C:\Users\Нияз\PycharmProjects\metallurg_production\.venv\Lib\site-packages\numpy\lib\_utils_impl.py first seen with mtime 1744484117.2467291
DEBUG 2025-05-08 17:06:18,053 autoreload 7104 25060 File C:\Users\Нияз\AppData\Local\Programs\Python\Python312\Lib\html\parser.py first seen with mtime 1712656218.0
DEBUG 2025-05-08 17:06:18,053 autoreload 7104 25060 File C:\Users\Нияз\PycharmProjects\metallurg_production\.venv\Lib\site-packages\pandas\core\ops\dispatch.py first seen with mtime 1744484128.4618077
DEBUG 2025-05-08 17:06:18,053 autoreload 7104 25060 File C:\Users\Нияз\PycharmProjects\metallurg_production\.venv\Lib\site-packages\pandas\io\parsers\__init__.py first seen with mtime 1744484128.6415033
DEBUG 2025-05-08 17:06:18,054 autoreload 7104 25060 File C:\Users\Нияз\PycharmProjects\metallurg_production\.venv\Lib\site-packages\django\db\migrations\optimizer.py first seen with mtime 1744465212.3126493
DEBUG 2025-05-08 17:06:18,055 autoreload 7104 25060 File C:\Users\Нияз\PycharmProjects\metallurg_production\.venv\Lib\site-packages\django\contrib\sites\__init__.py first seen with mtime 1744465211.6852274
DEBUG 2025-05-08 17:06:18,055 autoreload 7104 25060 File C:\Users\Нияз\PycharmProjects\metallurg_production\.venv\Lib\site-packages\django\conf\urls\static.py first seen with mtime 1744465208.512877
DEBUG 2025-05-08 17:06:18,055 autoreload 7104 25060 File C:\Users\Нияз\PycharmProjects\metallurg_production\.venv\Lib\site-packages\pandas\io\sql.py first seen with mtime 1744484128.5616913
DEBUG 2025-05-08 17:06:18,057 autoreload 7104 25060 File C:\Users\Нияз\PycharmProjects\metallurg_production\.venv\Lib\site-packages\pandas\core\interchange\from_dataframe.py first seen with mtime 1744484128.4306107
DEBUG 2025-05-08 17:06:18,057 autoreload 7104 25060 File C:\Users\Нияз\PycharmProjects\metallurg_production\.venv\Lib\site-packages\django\contrib\staticfiles\handlers.py first seen with mtime 1744465212.109782
DEBUG 2025-05-08 17:06:18,057 autoreload 7104 25060 File C:\Users\Нияз\PycharmProjects\metallurg_production\.venv\Lib\site-packages\six.py first seen with mtime 1744484116.993636
DEBUG 2025-05-08 17:06:18,058 autoreload 7104 25060 File C:\Users\Нияз\PycharmProjects\metallurg_production\.venv\Lib\site-packages\pandas\_version_meson.py first seen with mtime 1744484128.1101465
DEBUG 2025-05-08 17:06:18,058 autoreload 7104 25060 File C:\Users\Нияз\AppData\Local\Programs\Python\Python312\Lib\fnmatch.py first seen with mtime 1712656218.0
DEBUG 2025-05-08 17:06:18,058 autoreload 7104 25060 File C:\Users\Нияз\PycharmProjects\metallurg_production\.venv\Lib\site-packages\django\db\backends\postgresql\psycopg_any.py first seen with mtime 1744465212.2906983
DEBUG 2025-05-08 17:06:18,059 autoreload 7104 25060 File C:\Users\Нияз\AppData\Local\Programs\Python\Python312\Lib\email\mime\__init__.py first seen with mtime 1712656218.0
DEBUG 2025-05-08 17:06:18,059 autoreload 7104 25060 File C:\Users\Нияз\PycharmProjects\metallurg_production\.venv\Lib\site-packages\django\views\decorators\debug.py first seen with mtime 1744465212.6012528
DEBUG 2025-05-08 17:06:18,060 autoreload 7104 25060 File C:\Users\Нияз\AppData\Local\Programs\Python\Python312\Lib\token.py first seen with mtime 1712656218.0
DEBUG 2025-05-08 17:06:18,060 autoreload 7104 25060 File C:\Users\Нияз\PycharmProjects\metallurg_production\.venv\Lib\site-packages\pandas\_libs\join.cp312-win_amd64.pyd first seen with mtime 1744484130.8542721
DEBUG 2025-05-08 17:06:18,060 autoreload 7104 25060 File C:\Users\Нияз\PycharmProjects\metallurg_production\.venv\Lib\site-packages\pandas\_libs\reshape.cp312-win_amd64.pyd first seen with mtime 1744484130.8972948
DEBUG 2025-05-08 17:06:18,060 autoreload 7104 25060 File C:\Users\Нияз\AppData\Local\Programs\Python\Python312\Lib\asyncio\windows_utils.py first seen with mtime 1712656218.0
DEBUG 2025-05-08 17:06:18,061 autoreload 7104 25060 File C:\Users\Нияз\PycharmProjects\metallurg_production\.venv\Lib\site-packages\django\contrib\contenttypes\views.py first seen with mtime 1744465209.6524842
DEBUG 2025-05-08 17:06:18,061 autoreload 7104 25060 File C:\Users\Нияз\PycharmProjects\metallurg_production\.venv\Lib\site-packages\django\urls\resolvers.py first seen with mtime 1744465212.5445237
DEBUG 2025-05-08 17:06:18,061 autoreload 7104 25060 File C:\Users\Нияз\PycharmProjects\metallurg_production\.venv\Lib\site-packages\django\contrib\staticfiles\finders.py first seen with mtime 1744465212.1077864
DEBUG 2025-05-08 17:06:18,062 autoreload 7104 25060 File C:\Users\Нияз\PycharmProjects\metallurg_production\.venv\Lib\site-packages\pandas\core\groupby\categorical.py first seen with mtime 1744484128.3749974
DEBUG 2025-05-08 17:06:18,062 autoreload 7104 25060 File C:\Users\Нияз\AppData\Local\Programs\Python\Python312\Lib\asyncio\subprocess.py first seen with mtime 1712656218.0
DEBUG 2025-05-08 17:06:18,062 autoreload 7104 25060 File C:\Users\Нияз\PycharmProjects\metallurg_production\.venv\Lib\site-packages\django\dispatch\dispatcher.py first seen with mtime 1744465212.376562
DEBUG 2025-05-08 17:06:18,063 autoreload 7104 25060 File C:\Users\Нияз\PycharmProjects\metallurg_production\.venv\Lib\site-packages\dateutil\relativedelta.py first seen with mtime 1744484127.5509942
DEBUG 2025-05-08 17:06:18,063 autoreload 7104 25060 File C:\Users\Нияз\AppData\Local\Programs\Python\Python312\Lib\asyncio\log.py first seen with mtime 1712656218.0
DEBUG 2025-05-08 17:06:18,063 autoreload 7104 25060 File C:\Users\Нияз\PycharmProjects\metallurg_production\.venv\Lib\site-packages\django\contrib\admin\checks.py first seen with mtime 1744465208.5173247
DEBUG 2025-05-08 17:06:18,064 autoreload 7104 25060 File C:\Users\Нияз\AppData\Local\Programs\Python\Python312\Lib\inspect.py first seen with mtime 1712656218.0
DEBUG 2025-05-08 17:06:18,064 autoreload 7104 25060 File C:\Users\Нияз\PycharmProjects\metallurg_production\.venv\Lib\site-packages\django\core\serializers\base.py first seen with mtime 1744465212.2343729
DEBUG 2025-05-08 17:06:18,064 autoreload 7104 25060 File C:\Users\Нияз\PycharmProjects\metallurg_production\.venv\Lib\site-packages\django\utils\text.py first seen with mtime 1744465212.579411
DEBUG 2025-05-08 17:06:18,065 autoreload 7104 25060 File C:\Users\Нияз\PycharmProjects\metallurg_production\.venv\Lib\site-packages\pandas\util\_exceptions.py first seen with mtime 1744484130.7128773
DEBUG 2025-05-08 17:06:18,065 autoreload 7104 25060 File C:\Users\Нияз\PycharmProjects\metallurg_production\.venv\Lib\site-packages\django\core\checks\security\base.py first seen with mtime 1744465212.1689532
DEBUG 2025-05-08 17:06:18,066 autoreload 7104 25060 File C:\Users\Нияз\PycharmProjects\metallurg_production\.venv\Lib\site-packages\django\db\models\fields\reverse_related.py first seen with mtime 1744465212.3561387
DEBUG 2025-05-08 17:06:18,066 autoreload 7104 25060 File C:\Users\Нияз\PycharmProjects\metallurg_production\.venv\Lib\site-packages\numpy\_core\_methods.py first seen with mtime 1744484117.5451596
DEBUG 2025-05-08 17:06:18,066 autoreload 7104 25060 File C:\Users\Нияз\PycharmProjects\metallurg_production\.venv\Lib\site-packages\pandas\_libs\parsers.cp312-win_amd64.pyd first seen with mtime 1744484130.887989
DEBUG 2025-05-08 17:06:18,067 autoreload 7104 25060 File C:\Users\Нияз\PycharmProjects\metallurg_production\.venv\Lib\site-packages\sqlparse\filters\output.py first seen with mtime 1744465207.351123
DEBUG 2025-05-08 17:06:18,067 autoreload 7104 25060 File C:\Users\Нияз\PycharmProjects\metallurg_production\.venv\Lib\site-packages\numpy\_core\printoptions.py first seen with mtime 1744484117.531263
DEBUG 2025-05-08 17:06:18,067 autoreload 7104 25060 File C:\Users\Нияз\PycharmProjects\metallurg_production\.venv\Lib\site-packages\pandas\plotting\_core.py first seen with mtime 1744484128.649657
DEBUG 2025-05-08 17:06:18,068 autoreload 7104 25060 File C:\Users\Нияз\PycharmProjects\metallurg_production\.venv\Lib\site-packages\numpy\lib\_iotools.py first seen with mtime 1744484117.2309637
DEBUG 2025-05-08 17:06:18,068 autoreload 7104 25060 File C:\Users\Нияз\PycharmProjects\metallurg_production\.venv\Lib\site-packages\django\db\migrations\loader.py first seen with mtime 1744465212.3097222
DEBUG 2025-05-08 17:06:18,068 autoreload 7104 25060 File C:\Users\Нияз\PycharmProjects\metallurg_production\.venv\Lib\site-packages\pandas\core\arrays\_arrow_string_mixins.py first seen with mtime 1744484128.2632036
DEBUG 2025-05-08 17:06:18,069 autoreload 7104 25060 File C:\Users\Нияз\AppData\Local\Programs\Python\Python312\Lib\json\scanner.py first seen with mtime 1712656218.0
DEBUG 2025-05-08 17:06:18,069 autoreload 7104 25060 File C:\Users\Нияз\PycharmProjects\metallurg_production\.venv\Lib\site-packages\numpy\random\mtrand.cp312-win_amd64.pyd first seen with mtime 1744484117.3410404
DEBUG 2025-05-08 17:06:18,069 autoreload 7104 25060 File C:\Users\Нияз\PycharmProjects\metallurg_production\.venv\Lib\site-packages\pandas\core\indexers\objects.py first seen with mtime 1744484128.3927934
DEBUG 2025-05-08 17:06:18,070 autoreload 7104 25060 File C:\Users\Нияз\PycharmProjects\metallurg_production\.venv\Lib\site-packages\django\forms\widgets.py first seen with mtime 1744465212.3882935
DEBUG 2025-05-08 17:06:18,070 autoreload 7104 25060 File C:\Users\Нияз\PycharmProjects\metallurg_production\.venv\Lib\site-packages\django\contrib\auth\password_validation.py first seen with mtime 1744465209.4059353
DEBUG 2025-05-08 17:06:18,071 autoreload 7104 25060 File C:\Users\Нияз\PycharmProjects\metallurg_production\.venv\Lib\site-packages\django\db\models\functions\text.py first seen with mtime 1744465212.3645737
DEBUG 2025-05-08 17:06:18,071 autoreload 7104 25060 File C:\Users\Нияз\PycharmProjects\metallurg_production\.venv\Lib\site-packages\django\urls\converters.py first seen with mtime 1744465212.543108
DEBUG 2025-05-08 17:06:18,071 autoreload 7104 25060 File C:\Users\Нияз\PycharmProjects\metallurg_production\.venv\Lib\site-packages\numpy\_core\_exceptions.py first seen with mtime 1744484117.5451596
DEBUG 2025-05-08 17:06:18,073 autoreload 7104 25060 File C:\Users\Нияз\PycharmProjects\metallurg_production\.venv\Lib\site-packages\django\core\handlers\exception.py first seen with mtime 1744465212.1896896
DEBUG 2025-05-08 17:06:18,073 autoreload 7104 25060 File C:\Users\Нияз\AppData\Local\Programs\Python\Python312\Lib\_markupbase.py first seen with mtime 1712656218.0
DEBUG 2025-05-08 17:06:18,073 autoreload 7104 25060 File C:\Users\Нияз\PycharmProjects\metallurg_production\.venv\Lib\site-packages\django\contrib\sites\shortcuts.py first seen with mtime 1744465211.693154
DEBUG 2025-05-08 17:06:18,073 autoreload 7104 25060 File C:\Users\Нияз\PycharmProjects\metallurg_production\.venv\Lib\site-packages\django\utils\version.py first seen with mtime 1744465212.5833645
DEBUG 2025-05-08 17:06:18,073 autoreload 7104 25060 File C:\Users\Нияз\PycharmProjects\metallurg_production\.venv\Lib\site-packages\pandas\compat\numpy\__init__.py first seen with mtime 1744484128.154793
DEBUG 2025-05-08 17:06:18,074 autoreload 7104 25060 File C:\Users\Нияз\AppData\Local\Programs\Python\Python312\Lib\concurrent\futures\thread.py first seen with mtime 1712656218.0
DEBUG 2025-05-08 17:06:18,074 autoreload 7104 25060 File C:\Users\Нияз\PycharmProjects\metallurg_production\.venv\Lib\site-packages\django\utils\safestring.py first seen with mtime 1744465212.5773997
DEBUG 2025-05-08 17:06:18,074 autoreload 7104 25060 File C:\Users\Нияз\PycharmProjects\metallurg_production\.venv\Lib\site-packages\django\db\migrations\__init__.py first seen with mtime 1744465212.3053474
DEBUG 2025-05-08 17:06:18,074 autoreload 7104 25060 File C:\Users\Нияз\PycharmProjects\metallurg_production\.venv\Lib\site-packages\django\contrib\messages\__init__.py first seen with mtime 1744465210.7344651
DEBUG 2025-05-08 17:06:18,075 autoreload 7104 25060 File C:\Users\Нияз\PycharmProjects\metallurg_production\.venv\Lib\site-packages\pandas\plotting\_misc.py first seen with mtime 1744484128.649657
DEBUG 2025-05-08 17:06:18,075 autoreload 7104 25060 File C:\Users\Нияз\PycharmProjects\metallurg_production\.venv\Lib\site-packages\pandas\core\generic.py first seen with mtime 1744484128.1899793
DEBUG 2025-05-08 17:06:18,075 autoreload 7104 25060 File C:\Users\Нияз\PycharmProjects\metallurg_production\.venv\Lib\site-packages\django\db\models\functions\__init__.py first seen with mtime 1744465212.358151
DEBUG 2025-05-08 17:06:18,075 autoreload 7104 25060 File C:\Users\Нияз\PycharmProjects\metallurg_production\.venv\Lib\site-packages\django\contrib\admin\templatetags\admin_list.py first seen with mtime 1744465209.1326015
DEBUG 2025-05-08 17:06:18,076 autoreload 7104 25060 File C:\Users\Нияз\PycharmProjects\metallurg_production\.venv\Lib\site-packages\django\core\management\base.py first seen with mtime 1744465212.2028308
DEBUG 2025-05-08 17:06:18,076 autoreload 7104 25060 File C:\Users\Нияз\PycharmProjects\metallurg_production\.venv\Lib\site-packages\django\contrib\sessions\middleware.py first seen with mtime 1744465211.4267304
DEBUG 2025-05-08 17:06:18,076 autoreload 7104 25060 File C:\Users\Нияз\AppData\Local\Programs\Python\Python312\Lib\numbers.py first seen with mtime 1712656218.0
DEBUG 2025-05-08 17:06:18,076 autoreload 7104 25060 File C:\Users\Нияз\PycharmProjects\metallurg_production\.venv\Lib\site-packages\pandas\core\internals\ops.py first seen with mtime 1744484128.4505076
DEBUG 2025-05-08 17:06:18,077 autoreload 7104 25060 File C:\Users\Нияз\AppData\Local\Programs\Python\Python312\Lib\collections\abc.py first seen with mtime 1712656218.0
DEBUG 2025-05-08 17:06:18,077 autoreload 7104 25060 File C:\Users\Нияз\PycharmProjects\metallurg_production\.venv\Lib\site-packages\pandas\io\_util.py first seen with mtime 1744484128.5616913
DEBUG 2025-05-08 17:06:18,078 autoreload 7104 25060 File C:\Users\Нияз\PycharmProjects\metallurg_production\.venv\Lib\site-packages\pandas\core\computation\expressions.py first seen with mtime 1744484128.344579
DEBUG 2025-05-08 17:06:18,078 autoreload 7104 25060 File C:\Users\Нияз\PycharmProjects\metallurg_production\.venv\Lib\site-packages\pandas\core\computation\eval.py first seen with mtime 1744484128.3366487
DEBUG 2025-05-08 17:06:18,078 autoreload 7104 25060 File C:\Users\Нияз\PycharmProjects\metallurg_production\users\__init__.py first seen with mtime 1744466625.152413
DEBUG 2025-05-08 17:06:18,079 autoreload 7104 25060 File C:\Users\Нияз\AppData\Local\Programs\Python\Python312\Lib\zoneinfo\_common.py first seen with mtime 1712656218.0
DEBUG 2025-05-08 17:06:18,079 autoreload 7104 25060 File C:\Users\Нияз\PycharmProjects\metallurg_production\.venv\Lib\site-packages\pandas\core\internals\managers.py first seen with mtime 1744484128.4480765
DEBUG 2025-05-08 17:06:18,079 autoreload 7104 25060 File C:\Users\Нияз\AppData\Local\Programs\Python\Python312\Lib\reprlib.py first seen with mtime 1712656218.0
DEBUG 2025-05-08 17:06:18,079 autoreload 7104 25060 File C:\Users\Нияз\PycharmProjects\metallurg_production\.venv\Lib\site-packages\asgiref\local.py first seen with mtime 1744465207.8581994
DEBUG 2025-05-08 17:06:18,081 autoreload 7104 25060 File C:\Users\Нияз\PycharmProjects\metallurg_production\.venv\Lib\site-packages\pandas\core\groupby\numba_.py first seen with mtime 1744484128.3874025
DEBUG 2025-05-08 17:06:18,081 autoreload 7104 25060 File C:\Users\Нияз\PycharmProjects\metallurg_production\.venv\Lib\site-packages\numpy\random\_pickle.py first seen with mtime 1744484117.356738
DEBUG 2025-05-08 17:06:18,081 autoreload 7104 25060 File C:\Users\Нияз\PycharmProjects\metallurg_production\.venv\Lib\site-packages\django\contrib\contenttypes\management\__init__.py first seen with mtime 1744465209.8676085
DEBUG 2025-05-08 17:06:18,082 autoreload 7104 25060 File C:\Users\Нияз\PycharmProjects\metallurg_production\.venv\Lib\site-packages\django\core\cache\backends\__init__.py first seen with mtime 1744465212.144721
DEBUG 2025-05-08 17:06:18,082 autoreload 7104 25060 File C:\Users\Нияз\AppData\Local\Programs\Python\Python312\Lib\email\errors.py first seen with mtime 1712656218.0
DEBUG 2025-05-08 17:06:18,082 autoreload 7104 25060 File C:\Users\Нияз\PycharmProjects\metallurg_production\.venv\Lib\site-packages\pandas\core\arrays\__init__.py first seen with mtime 1744484128.2764318
DEBUG 2025-05-08 17:06:18,083 autoreload 7104 25060 File C:\Users\Нияз\PycharmProjects\metallurg_production\.venv\Lib\site-packages\pandas\core\dtypes\missing.py first seen with mtime 1744484128.3706896
DEBUG 2025-05-08 17:06:18,083 autoreload 7104 25060 File C:\Users\Нияз\PycharmProjects\metallurg_production\.venv\Lib\site-packages\pandas\core\apply.py first seen with mtime 1744484128.1651611
DEBUG 2025-05-08 17:06:18,083 autoreload 7104 25060 File C:\Users\Нияз\PycharmProjects\metallurg_production\.venv\Lib\site-packages\django\forms\fields.py first seen with mtime 1744465212.3809369
DEBUG 2025-05-08 17:06:18,083 autoreload 7104 25060 File C:\Users\Нияз\PycharmProjects\metallurg_production\.venv\Lib\site-packages\dateutil\tz\_common.py first seen with mtime 1744484127.5632353
DEBUG 2025-05-08 17:06:18,084 autoreload 7104 25060 File C:\Users\Нияз\PycharmProjects\metallurg_production\.venv\Lib\site-packages\numpy\_core\shape_base.py first seen with mtime 1744484117.531263
DEBUG 2025-05-08 17:06:18,084 autoreload 7104 25060 File C:\Users\Нияз\PycharmProjects\metallurg_production\.venv\Lib\site-packages\sqlparse\filters\aligned_indent.py first seen with mtime 1744465207.348562
DEBUG 2025-05-08 17:06:18,084 autoreload 7104 25060 File C:\Users\Нияз\AppData\Local\Programs\Python\Python312\Lib\quopri.py first seen with mtime 1712656218.0
DEBUG 2025-05-08 17:06:18,085 autoreload 7104 25060 File C:\Users\Нияз\AppData\Local\Programs\Python\Python312\Lib\zipfile\_path\__init__.py first seen with mtime 1712656218.0
DEBUG 2025-05-08 17:06:18,087 autoreload 7104 25060 File C:\Users\Нияз\AppData\Local\Programs\Python\Python312\Lib\asyncio\base_tasks.py first seen with mtime 1712656218.0
DEBUG 2025-05-08 17:06:18,087 autoreload 7104 25060 File C:\Users\Нияз\AppData\Local\Programs\Python\Python312\Lib\email\_header_value_parser.py first seen with mtime 1712656218.0
DEBUG 2025-05-08 17:06:18,088 autoreload 7104 25060 File C:\Users\Нияз\AppData\Local\Programs\Python\Python312\Lib\asyncio\base_subprocess.py first seen with mtime 1712656218.0
DEBUG 2025-05-08 17:06:18,088 autoreload 7104 25060 File C:\Users\Нияз\PycharmProjects\metallurg_production\.venv\Lib\site-packages\django\db\backends\ddl_references.py first seen with mtime 1744465212.2479248
DEBUG 2025-05-08 17:06:18,089 autoreload 7104 25060 File C:\Users\Нияз\PycharmProjects\metallurg_production\.venv\Lib\site-packages\crispy_forms\templatetags\crispy_forms_filters.py first seen with mtime 1746193173.1247735
DEBUG 2025-05-08 17:06:18,089 autoreload 7104 25060 File C:\Users\Нияз\PycharmProjects\metallurg_production\.venv\Lib\site-packages\numpy\_utils\_inspect.py first seen with mtime 1744484117.703181
DEBUG 2025-05-08 17:06:18,090 autoreload 7104 25060 File C:\Users\Нияз\PycharmProjects\metallurg_production\.venv\Lib\site-packages\pandas\core\arrays\_utils.py first seen with mtime 1744484128.2724843
DEBUG 2025-05-08 17:06:18,090 autoreload 7104 25060 File C:\Users\Нияз\AppData\Local\Programs\Python\Python312\Lib\importlib\_abc.py first seen with mtime 1712656218.0
DEBUG 2025-05-08 17:06:18,090 autoreload 7104 25060 File C:\Users\Нияз\AppData\Local\Programs\Python\Python312\Lib\asyncio\threads.py first seen with mtime 1712656218.0
DEBUG 2025-05-08 17:06:18,091 autoreload 7104 25060 File C:\Users\Нияз\PycharmProjects\metallurg_production\.venv\Lib\site-packages\numpy\_core\einsumfunc.py first seen with mtime 1744484117.5138824
DEBUG 2025-05-08 17:06:18,091 autoreload 7104 25060 File C:\Users\Нияз\PycharmProjects\metallurg_production\.venv\Lib\site-packages\numpy\lib\_type_check_impl.py first seen with mtime 1744484117.2467291
DEBUG 2025-05-08 17:06:18,091 autoreload 7104 25060 File C:\Users\Нияз\PycharmProjects\metallurg_production\.venv\Lib\site-packages\pandas\_libs\pandas_datetime.cp312-win_amd64.pyd first seen with mtime 1744484130.8818338
DEBUG 2025-05-08 17:06:18,091 autoreload 7104 25060 File C:\Users\Нияз\PycharmProjects\metallurg_production\.venv\Lib\site-packages\django\core\paginator.py first seen with mtime 1744465212.1345217
DEBUG 2025-05-08 17:06:18,092 autoreload 7104 25060 File C:\Users\Нияз\PycharmProjects\metallurg_production\.venv\Lib\site-packages\django\core\cache\backends\filebased.py first seen with mtime 1744465212.1499543
DEBUG 2025-05-08 17:06:18,092 autoreload 7104 25060 File C:\Users\Нияз\PycharmProjects\metallurg_production\.venv\Lib\site-packages\django\db\migrations\migration.py first seen with mtime 1744465212.3112175
DEBUG 2025-05-08 17:06:18,092 autoreload 7104 25060 File C:\Users\Нияз\PycharmProjects\metallurg_production\.venv\Lib\site-packages\pandas\core\computation\common.py first seen with mtime 1744484128.3366487
DEBUG 2025-05-08 17:06:18,093 autoreload 7104 25060 File C:\Users\Нияз\PycharmProjects\metallurg_production\.venv\Lib\site-packages\django\db\models\lookups.py first seen with mtime 1744465212.335778
DEBUG 2025-05-08 17:06:18,093 autoreload 7104 25060 File C:\Users\Нияз\PycharmProjects\metallurg_production\.venv\Lib\site-packages\pandas\_config\localization.py first seen with mtime 1744484130.7301357
DEBUG 2025-05-08 17:06:18,093 autoreload 7104 25060 File C:\Users\Нияз\PycharmProjects\metallurg_production\.venv\Lib\site-packages\django\http\request.py first seen with mtime 1744465212.4852662
DEBUG 2025-05-08 17:06:18,094 autoreload 7104 25060 File C:\Users\Нияз\PycharmProjects\metallurg_production\.venv\Lib\site-packages\pandas\_libs\ops_dispatch.cp312-win_amd64.pyd first seen with mtime 1744484130.8798294
DEBUG 2025-05-08 17:06:18,094 autoreload 7104 25060 File C:\Users\Нияз\AppData\Local\Programs\Python\Python312\DLLs\_uuid.pyd first seen with mtime 1712656262.0
DEBUG 2025-05-08 17:06:18,094 autoreload 7104 25060 File C:\Users\Нияз\PycharmProjects\metallurg_production\.venv\Lib\site-packages\pandas\_libs\tslibs\ccalendar.cp312-win_amd64.pyd first seen with mtime 1744484130.9306633
DEBUG 2025-05-08 17:06:18,096 autoreload 7104 25060 File C:\Users\Нияз\PycharmProjects\metallurg_production\.venv\Lib\site-packages\psycopg2\extras.py first seen with mtime 1744471201.8843331
DEBUG 2025-05-08 17:06:18,096 autoreload 7104 25060 File C:\Users\Нияз\PycharmProjects\metallurg_production\.venv\Lib\site-packages\numpy\exceptions.py first seen with mtime 1744484117.0256329
DEBUG 2025-05-08 17:06:18,096 autoreload 7104 25060 File C:\Users\Нияз\PycharmProjects\metallurg_production\.venv\Lib\site-packages\pandas\core\indexes\multi.py first seen with mtime 1744484128.4149423
DEBUG 2025-05-08 17:06:18,097 autoreload 7104 25060 File C:\Users\Нияз\AppData\Local\Programs\Python\Python312\Lib\urllib\response.py first seen with mtime 1712656218.0
DEBUG 2025-05-08 17:06:18,097 autoreload 7104 25060 File C:\Users\Нияз\PycharmProjects\metallurg_production\.venv\Lib\site-packages\django\views\generic\dates.py first seen with mtime 1744465212.607557
DEBUG 2025-05-08 17:06:18,097 autoreload 7104 25060 File C:\Users\Нияз\PycharmProjects\metallurg_production\.venv\Lib\site-packages\pandas\core\computation\__init__.py first seen with mtime 1744484128.344579
DEBUG 2025-05-08 17:06:18,097 autoreload 7104 25060 File C:\Users\Нияз\AppData\Local\Programs\Python\Python312\Lib\wsgiref\__init__.py first seen with mtime 1712656218.0
DEBUG 2025-05-08 17:06:18,098 autoreload 7104 25060 File C:\Users\Нияз\PycharmProjects\metallurg_production\.venv\Lib\site-packages\django\core\cache\__init__.py first seen with mtime 1744465212.141709
DEBUG 2025-05-08 17:06:18,099 autoreload 7104 25060 File C:\Users\Нияз\AppData\Local\Programs\Python\Python312\Lib\datetime.py first seen with mtime 1712656218.0
DEBUG 2025-05-08 17:06:18,099 autoreload 7104 25060 File C:\Users\Нияз\PycharmProjects\metallurg_production\.venv\Lib\site-packages\pandas\_libs\indexing.cp312-win_amd64.pyd first seen with mtime 1744484130.8235772
DEBUG 2025-05-08 17:06:18,099 autoreload 7104 25060 File C:\Users\Нияз\PycharmProjects\metallurg_production\.venv\Lib\site-packages\pandas\_libs\tslibs\dtypes.cp312-win_amd64.pyd first seen with mtime 1744484130.940016
DEBUG 2025-05-08 17:06:18,100 autoreload 7104 25060 File C:\Users\Нияз\PycharmProjects\metallurg_production\.venv\Lib\site-packages\django\contrib\auth\decorators.py first seen with mtime 1744465209.400411
DEBUG 2025-05-08 17:06:18,100 autoreload 7104 25060 File C:\Users\Нияз\PycharmProjects\metallurg_production\.venv\Lib\site-packages\numpy\random\_philox.cp312-win_amd64.pyd first seen with mtime 1744484117.356738
DEBUG 2025-05-08 17:06:18,101 autoreload 7104 25060 File C:\Users\Нияз\PycharmProjects\metallurg_production\.venv\Lib\site-packages\pandas\core\__init__.py first seen with mtime 1744484128.2146087
DEBUG 2025-05-08 17:06:18,101 autoreload 7104 25060 File C:\Users\Нияз\PycharmProjects\metallurg_production\.venv\Lib\site-packages\numpy\ma\core.py first seen with mtime 1744484117.2942376
DEBUG 2025-05-08 17:06:18,102 autoreload 7104 25060 File C:\Users\Нияз\PycharmProjects\metallurg_production\.venv\Lib\site-packages\pandas\core\util\__init__.py first seen with mtime 1744484128.508568
DEBUG 2025-05-08 17:06:18,102 autoreload 7104 25060 File C:\Users\Нияз\PycharmProjects\metallurg_production\.venv\Lib\site-packages\django\core\checks\security\sessions.py first seen with mtime 1744465212.1699603
DEBUG 2025-05-08 17:06:18,103 autoreload 7104 25060 File C:\Users\Нияз\AppData\Local\Programs\Python\Python312\Lib\asyncio\events.py first seen with mtime 1712656218.0
DEBUG 2025-05-08 17:06:18,103 autoreload 7104 25060 File C:\Users\Нияз\PycharmProjects\metallurg_production\.venv\Lib\site-packages\django\utils\timezone.py first seen with mtime 1744465212.5813527
DEBUG 2025-05-08 17:06:18,103 autoreload 7104 25060 File C:\Users\Нияз\PycharmProjects\metallurg_production\.venv\Lib\site-packages\django\conf\__init__.py first seen with mtime 1744465208.133311
DEBUG 2025-05-08 17:06:18,104 autoreload 7104 25060 File C:\Users\Нияз\AppData\Local\Programs\Python\Python312\Lib\copyreg.py first seen with mtime 1712656218.0
DEBUG 2025-05-08 17:06:18,104 autoreload 7104 25060 File C:\Users\Нияз\PycharmProjects\metallurg_production\.venv\Lib\site-packages\pandas\_libs\tslibs\offsets.cp312-win_amd64.pyd first seen with mtime 1744484130.9595492
DEBUG 2025-05-08 17:06:18,104 autoreload 7104 25060 File C:\Users\Нияз\PycharmProjects\metallurg_production\.venv\Lib\site-packages\pandas\io\gbq.py first seen with mtime 1744484128.5482426
DEBUG 2025-05-08 17:06:18,105 autoreload 7104 25060 File C:\Users\Нияз\PycharmProjects\metallurg_production\.venv\Lib\site-packages\pandas\core\dtypes\base.py first seen with mtime 1744484128.357371
DEBUG 2025-05-08 17:06:18,105 autoreload 7104 25060 File C:\Users\Нияз\PycharmProjects\metallurg_production\.venv\Lib\site-packages\numpy\_typing\_array_like.py first seen with mtime 1744484117.703181
DEBUG 2025-05-08 17:06:18,106 autoreload 7104 25060 File C:\Users\Нияз\PycharmProjects\metallurg_production\.venv\Lib\site-packages\pandas\core\window\expanding.py first seen with mtime 1744484128.5170805
DEBUG 2025-05-08 17:06:18,106 autoreload 7104 25060 File C:\Users\Нияз\AppData\Local\Programs\Python\Python312\Lib\shutil.py first seen with mtime 1712656218.0
DEBUG 2025-05-08 17:06:18,106 autoreload 7104 25060 File C:\Users\Нияз\AppData\Local\Programs\Python\Python312\Lib\gettext.py first seen with mtime 1712656218.0
DEBUG 2025-05-08 17:06:18,106 autoreload 7104 25060 File C:\Users\Нияз\PycharmProjects\metallurg_production\.venv\Lib\site-packages\pandas\io\excel\_xlsxwriter.py first seen with mtime 1744484128.582276
DEBUG 2025-05-08 17:06:18,107 autoreload 7104 25060 File C:\Users\Нияз\AppData\Local\Programs\Python\Python312\Lib\lzma.py first seen with mtime 1712656218.0
DEBUG 2025-05-08 17:06:18,107 autoreload 7104 25060 File C:\Users\Нияз\AppData\Local\Programs\Python\Python312\Lib\tokenize.py first seen with mtime 1712656218.0
DEBUG 2025-05-08 17:06:18,107 autoreload 7104 25060 File C:\Users\Нияз\PycharmProjects\metallurg_production\.venv\Lib\site-packages\pandas\core\construction.py first seen with mtime 1744484128.175941
DEBUG 2025-05-08 17:06:18,108 autoreload 7104 25060 File C:\Users\Нияз\PycharmProjects\metallurg_production\.venv\Lib\site-packages\django\core\files\__init__.py first seen with mtime 1744465212.170961
DEBUG 2025-05-08 17:06:18,108 autoreload 7104 25060 File C:\Users\Нияз\PycharmProjects\metallurg_production\.venv\Lib\site-packages\crispy_forms\bootstrap.py first seen with mtime 1746193173.1197736
DEBUG 2025-05-08 17:06:18,108 autoreload 7104 25060 File C:\Users\Нияз\PycharmProjects\metallurg_production\.venv\Lib\site-packages\pandas\core\dtypes\common.py first seen with mtime 1744484128.357371
DEBUG 2025-05-08 17:06:18,109 autoreload 7104 25060 File C:\Users\Нияз\PycharmProjects\metallurg_production\.venv\Lib\site-packages\pandas\_libs\interval.cp312-win_amd64.pyd first seen with mtime 1744484130.8407538
DEBUG 2025-05-08 17:06:18,109 autoreload 7104 25060 File C:\Users\Нияз\AppData\Local\Programs\Python\Python312\Lib\email\encoders.py first seen with mtime 1712656218.0
DEBUG 2025-05-08 17:06:18,110 autoreload 7104 25060 File C:\Users\Нияз\PycharmProjects\metallurg_production\.venv\Lib\site-packages\pandas\util\version\__init__.py first seen with mtime 1744484130.724043
DEBUG 2025-05-08 17:06:18,110 autoreload 7104 25060 File C:\Users\Нияз\PycharmProjects\metallurg_production\.venv\Lib\site-packages\pandas\_libs\internals.cp312-win_amd64.pyd first seen with mtime 1744484130.8294468
DEBUG 2025-05-08 17:06:18,110 autoreload 7104 25060 File C:\Users\Нияз\PycharmProjects\metallurg_production\.venv\Lib\site-packages\pandas\core\interchange\dataframe_protocol.py first seen with mtime 1744484128.4293835
DEBUG 2025-05-08 17:06:18,110 autoreload 7104 25060 File C:\Users\Нияз\PycharmProjects\metallurg_production\.venv\Lib\site-packages\pandas\core\methods\describe.py first seen with mtime 1744484128.4528854
DEBUG 2025-05-08 17:06:18,111 autoreload 7104 25060 File C:\Users\Нияз\PycharmProjects\metallurg_production\.venv\Lib\site-packages\psycopg2\_range.py first seen with mtime 1744471201.8808506
DEBUG 2025-05-08 17:06:18,111 autoreload 7104 25060 File C:\Users\Нияз\PycharmProjects\metallurg_production\.venv\Lib\site-packages\crispy_forms\base.py first seen with mtime 1746193173.1197736
DEBUG 2025-05-08 17:06:18,111 autoreload 7104 25060 File C:\Users\Нияз\PycharmProjects\metallurg_production\.venv\Lib\site-packages\numpy\lib\_datasource.py first seen with mtime 1744484117.2309637
DEBUG 2025-05-08 17:06:18,111 autoreload 7104 25060 File C:\Users\Нияз\PycharmProjects\metallurg_production\.venv\Lib\site-packages\django\db\backends\base\__init__.py first seen with mtime 1744465212.2504628
DEBUG 2025-05-08 17:06:18,111 autoreload 7104 25060 File C:\Users\Нияз\PycharmProjects\metallurg_production\.venv\Lib\site-packages\django\db\models\functions\comparison.py first seen with mtime 1744465212.3591485
DEBUG 2025-05-08 17:06:18,111 autoreload 7104 25060 File C:\Users\Нияз\PycharmProjects\metallurg_production\.venv\Lib\site-packages\django\conf\global_settings.py first seen with mtime 1744465208.1343102
DEBUG 2025-05-08 17:06:18,112 autoreload 7104 25060 File C:\Users\Нияз\PycharmProjects\metallurg_production\.venv\Lib\site-packages\pandas\core\shared_docs.py first seen with mtime 1744484128.2101982
DEBUG 2025-05-08 17:06:18,112 autoreload 7104 25060 File C:\Users\Нияз\PycharmProjects\metallurg_production\.venv\Lib\site-packages\django\templatetags\cache.py first seen with mtime 1744465212.5283906
DEBUG 2025-05-08 17:06:18,112 autoreload 7104 25060 File C:\Users\Нияз\PycharmProjects\metallurg_production\.venv\Lib\site-packages\django\db\models\functions\mixins.py first seen with mtime 1744465212.363179
DEBUG 2025-05-08 17:06:18,112 autoreload 7104 25060 File C:\Users\Нияз\PycharmProjects\metallurg_production\.venv\Lib\site-packages\pandas\io\parsers\base_parser.py first seen with mtime 1744484128.6310928
DEBUG 2025-05-08 17:06:18,113 autoreload 7104 25060 File C:\Users\Нияз\PycharmProjects\metallurg_production\.venv\Lib\site-packages\pandas\core\reshape\util.py first seen with mtime 1744484128.4877007
DEBUG 2025-05-08 17:06:18,113 autoreload 7104 25060 File C:\Users\Нияз\PycharmProjects\metallurg_production\.venv\Lib\site-packages\django\contrib\sessions\backends\base.py first seen with mtime 1744465211.4309492
DEBUG 2025-05-08 17:06:18,113 autoreload 7104 25060 File C:\Users\Нияз\AppData\Local\Programs\Python\Python312\Lib\http\cookies.py first seen with mtime 1712656218.0
DEBUG 2025-05-08 17:06:18,114 autoreload 7104 25060 File C:\Users\Нияз\PycharmProjects\metallurg_production\.venv\Lib\site-packages\pandas\core\arrays\floating.py first seen with mtime 1744484128.2346165
DEBUG 2025-05-08 17:06:18,114 autoreload 7104 25060 File C:\Users\Нияз\AppData\Local\Programs\Python\Python312\Lib\socketserver.py first seen with mtime 1712656218.0
DEBUG 2025-05-08 17:06:18,114 autoreload 7104 25060 File C:\Users\Нияз\PycharmProjects\metallurg_production\.venv\Lib\site-packages\django\core\handlers\__init__.py first seen with mtime 1744465212.1868372
DEBUG 2025-05-08 17:06:18,115 autoreload 7104 25060 File C:\Users\Нияз\PycharmProjects\metallurg_production\.venv\Lib\site-packages\django\templatetags\tz.py first seen with mtime 1744465212.5323184
DEBUG 2025-05-08 17:06:18,116 autoreload 7104 25060 File C:\Users\Нияз\PycharmProjects\metallurg_production\.venv\Lib\site-packages\pandas\tseries\frequencies.py first seen with mtime 1744484130.6983078
DEBUG 2025-05-08 17:06:18,116 autoreload 7104 25060 File C:\Users\Нияз\PycharmProjects\metallurg_production\.venv\Lib\site-packages\numpy\lib\_twodim_base_impl.py first seen with mtime 1744484117.2467291
DEBUG 2025-05-08 17:06:18,116 autoreload 7104 25060 File C:\Users\Нияз\PycharmProjects\metallurg_production\.venv\Lib\site-packages\sqlparse\__init__.py first seen with mtime 1744465207.3366015
DEBUG 2025-05-08 17:06:18,116 autoreload 7104 25060 File C:\Users\Нияз\PycharmProjects\metallurg_production\.venv\Lib\site-packages\pandas\core\groupby\generic.py first seen with mtime 1744484128.3749974
DEBUG 2025-05-08 17:06:18,116 autoreload 7104 25060 File C:\Users\Нияз\PycharmProjects\metallurg_production\.venv\Lib\site-packages\django\utils\inspect.py first seen with mtime 1744465212.5694153
DEBUG 2025-05-08 17:06:18,118 autoreload 7104 25060 File C:\Users\Нияз\AppData\Local\Programs\Python\Python312\Lib\signal.py first seen with mtime 1712656218.0
DEBUG 2025-05-08 17:06:18,118 autoreload 7104 25060 File C:\Users\Нияз\PycharmProjects\metallurg_production\.venv\Lib\site-packages\django\core\checks\async_checks.py first seen with mtime 1744465212.1557333
DEBUG 2025-05-08 17:06:18,118 autoreload 7104 25060 File C:\Users\Нияз\PycharmProjects\metallurg_production\.venv\Lib\site-packages\django\contrib\auth\checks.py first seen with mtime 1744465209.3973486
DEBUG 2025-05-08 17:06:18,118 autoreload 7104 25060 File C:\Users\Нияз\PycharmProjects\metallurg_production\.venv\Lib\site-packages\django\core\checks\compatibility\django_4_0.py first seen with mtime 1744465212.1678772
DEBUG 2025-05-08 17:06:18,119 autoreload 7104 25060 File C:\Users\Нияз\PycharmProjects\metallurg_production\.venv\Lib\site-packages\numpy\_typing\_char_codes.py first seen with mtime 1744484117.703181
DEBUG 2025-05-08 17:06:18,119 autoreload 7104 25060 File C:\Users\Нияз\AppData\Local\Programs\Python\Python312\Lib\base64.py first seen with mtime 1712656218.0
DEBUG 2025-05-08 17:06:18,119 autoreload 7104 25060 File C:\Users\Нияз\PycharmProjects\metallurg_production\.venv\Lib\site-packages\asgiref\__init__.py first seen with mtime 1744465207.8558176
DEBUG 2025-05-08 17:06:18,120 autoreload 7104 25060 File C:\Users\Нияз\PycharmProjects\metallurg_production\.venv\Lib\site-packages\numpy\random\_generator.cp312-win_amd64.pyd first seen with mtime 1744484117.356738
DEBUG 2025-05-08 17:06:18,120 autoreload 7104 25060 File C:\Users\Нияз\PycharmProjects\metallurg_production\.venv\Lib\site-packages\numpy\version.py first seen with mtime 1744484117.041396
DEBUG 2025-05-08 17:06:18,120 autoreload 7104 25060 File C:\Users\Нияз\PycharmProjects\metallurg_production\.venv\Lib\site-packages\pandas\core\arrays\numpy_.py first seen with mtime 1744484128.2501886
DEBUG 2025-05-08 17:06:18,121 autoreload 7104 25060 File C:\Users\Нияз\PycharmProjects\metallurg_production\.venv\Lib\site-packages\pandas\core\window\doc.py first seen with mtime 1744484128.51498
DEBUG 2025-05-08 17:06:18,122 autoreload 7104 25060 File C:\Users\Нияз\PycharmProjects\metallurg_production\.venv\Lib\site-packages\django\contrib\staticfiles\management\__init__.py first seen with mtime 1744465212.1179035
DEBUG 2025-05-08 17:06:18,122 autoreload 7104 25060 File C:\Users\Нияз\PycharmProjects\metallurg_production\.venv\Lib\site-packages\django\db\models\utils.py first seen with mtime 1744465212.3424256
DEBUG 2025-05-08 17:06:18,122 autoreload 7104 25060 File C:\Users\Нияз\PycharmProjects\metallurg_production\.venv\Lib\site-packages\django\db\models\constraints.py first seen with mtime 1744465212.3303292
DEBUG 2025-05-08 17:06:18,123 autoreload 7104 25060 File C:\Users\Нияз\PycharmProjects\metallurg_production\.venv\Lib\site-packages\django\db\models\sql\where.py first seen with mtime 1744465212.374217
DEBUG 2025-05-08 17:06:18,123 autoreload 7104 25060 File C:\Users\Нияз\AppData\Local\Programs\Python\Python312\Lib\ssl.py first seen with mtime 1712656218.0
DEBUG 2025-05-08 17:06:18,123 autoreload 7104 25060 File C:\Users\Нияз\PycharmProjects\metallurg_production\.venv\Lib\site-packages\django\db\models\query_utils.py first seen with mtime 1744465212.3402152
DEBUG 2025-05-08 17:06:18,124 autoreload 7104 25060 File C:\Users\Нияз\PycharmProjects\metallurg_production\.venv\Lib\site-packages\django\contrib\staticfiles\management\commands\__init__.py first seen with mtime 1744465212.1203976
DEBUG 2025-05-08 17:06:18,124 autoreload 7104 25060 File C:\Users\Нияз\PycharmProjects\metallurg_production\.venv\Lib\site-packages\crispy_forms\templatetags\__init__.py first seen with mtime 1746193173.1237795
DEBUG 2025-05-08 17:06:18,125 autoreload 7104 25060 File C:\Users\Нияз\PycharmProjects\metallurg_production\.venv\Lib\site-packages\pandas\_libs\__init__.py first seen with mtime 1744484130.923441
DEBUG 2025-05-08 17:06:18,125 autoreload 7104 25060 File C:\Users\Нияз\PycharmProjects\metallurg_production\.venv\Lib\site-packages\pandas\core\roperator.py first seen with mtime 1744484128.2020786
DEBUG 2025-05-08 17:06:18,126 autoreload 7104 25060 File C:\Users\Нияз\AppData\Local\Programs\Python\Python312\Lib\logging\config.py first seen with mtime 1712656218.0
DEBUG 2025-05-08 17:06:18,126 autoreload 7104 25060 File C:\Users\Нияз\PycharmProjects\metallurg_production\.venv\Lib\site-packages\django\core\checks\compatibility\__init__.py first seen with mtime 1744465212.166881
DEBUG 2025-05-08 17:06:18,126 autoreload 7104 25060 File C:\Users\Нияз\PycharmProjects\metallurg_production\.venv\Lib\site-packages\pandas\io\sas\sasreader.py first seen with mtime 1744484128.6453178
DEBUG 2025-05-08 17:06:18,126 autoreload 7104 25060 File C:\Users\Нияз\PycharmProjects\metallurg_production\.venv\Lib\site-packages\pytz\lazy.py first seen with mtime 1744484116.4220731
DEBUG 2025-05-08 17:06:18,127 autoreload 7104 25060 File C:\Users\Нияз\PycharmProjects\metallurg_production\.venv\Lib\site-packages\django\core\mail\message.py first seen with mtime 1744465212.1920495
DEBUG 2025-05-08 17:06:18,127 autoreload 7104 25060 File C:\Users\Нияз\PycharmProjects\metallurg_production\.venv\Lib\site-packages\django\db\models\deletion.py first seen with mtime 1744465212.3303292
DEBUG 2025-05-08 17:06:18,128 autoreload 7104 25060 File C:\Users\Нияз\PycharmProjects\metallurg_production\.venv\Lib\site-packages\pandas\core\arrays\_ranges.py first seen with mtime 1744484128.2705739
DEBUG 2025-05-08 17:06:18,129 autoreload 7104 25060 File C:\Users\Нияз\PycharmProjects\metallurg_production\.venv\Lib\site-packages\pandas\core\indexes\frozen.py first seen with mtime 1744484128.4104886
DEBUG 2025-05-08 17:06:18,129 autoreload 7104 25060 File C:\Users\Нияз\AppData\Local\Programs\Python\Python312\Lib\email\quoprimime.py first seen with mtime 1712656218.0
DEBUG 2025-05-08 17:06:18,130 autoreload 7104 25060 File C:\Users\Нияз\PycharmProjects\metallurg_production\.venv\Lib\site-packages\pandas\_libs\tslibs\nattype.cp312-win_amd64.pyd first seen with mtime 1744484130.948645
DEBUG 2025-05-08 17:06:18,130 autoreload 7104 25060 File C:\Users\Нияз\PycharmProjects\metallurg_production\.venv\Lib\site-packages\django\db\backends\postgresql\introspection.py first seen with mtime 1744465212.2896976
DEBUG 2025-05-08 17:06:18,132 autoreload 7104 25060 File C:\Users\Нияз\PycharmProjects\metallurg_production\.venv\Lib\site-packages\django\template\context.py first seen with mtime 1744465212.5032644
DEBUG 2025-05-08 17:06:18,133 autoreload 7104 25060 File C:\Users\Нияз\PycharmProjects\metallurg_production\.venv\Lib\site-packages\numpy\_typing\_nested_sequence.py first seen with mtime 1744484117.703181
DEBUG 2025-05-08 17:06:18,134 autoreload 7104 25060 File C:\Users\Нияз\PycharmProjects\metallurg_production\.venv\Lib\site-packages\dotenv\__init__.py first seen with mtime 1744465244.7633426
DEBUG 2025-05-08 17:06:18,134 autoreload 7104 25060 File C:\Users\Нияз\PycharmProjects\metallurg_production\.venv\Lib\site-packages\numpy\random\_pcg64.cp312-win_amd64.pyd first seen with mtime 1744484117.356738
DEBUG 2025-05-08 17:06:18,135 autoreload 7104 25060 File C:\Users\Нияз\PycharmProjects\metallurg_production\.venv\Lib\site-packages\django\contrib\auth\base_user.py first seen with mtime 1744465209.3973486
DEBUG 2025-05-08 17:06:18,135 autoreload 7104 25060 File C:\Users\Нияз\AppData\Local\Programs\Python\Python312\DLLs\_queue.pyd first seen with mtime 1712656262.0
DEBUG 2025-05-08 17:06:18,136 autoreload 7104 25060 File C:\Users\Нияз\AppData\Local\Programs\Python\Python312\Lib\tarfile.py first seen with mtime 1712656218.0
DEBUG 2025-05-08 17:06:18,136 autoreload 7104 25060 File C:\Users\Нияз\PycharmProjects\metallurg_production\.venv\Lib\site-packages\django\core\validators.py first seen with mtime 1744465212.139503
DEBUG 2025-05-08 17:06:18,136 autoreload 7104 25060 File C:\Users\Нияз\PycharmProjects\metallurg_production\.venv\Lib\site-packages\django\apps\registry.py first seen with mtime 1744465208.132312
DEBUG 2025-05-08 17:06:18,137 autoreload 7104 25060 File C:\Users\Нияз\PycharmProjects\metallurg_production\.venv\Lib\site-packages\pandas\core\arrays\categorical.py first seen with mtime 1744484128.2249918
DEBUG 2025-05-08 17:06:18,137 autoreload 7104 25060 File C:\Users\Нияз\PycharmProjects\metallurg_production\.venv\Lib\site-packages\numpy\linalg\_linalg.py first seen with mtime 1744484117.2780218
DEBUG 2025-05-08 17:06:18,137 autoreload 7104 25060 File C:\Users\Нияз\PycharmProjects\metallurg_production\.venv\Lib\site-packages\django\urls\exceptions.py first seen with mtime 1744465212.543108
DEBUG 2025-05-08 17:06:18,138 autoreload 7104 25060 File C:\Users\Нияз\PycharmProjects\metallurg_production\.venv\Lib\site-packages\pandas\_libs\testing.cp312-win_amd64.pyd first seen with mtime 1744484130.9124289
DEBUG 2025-05-08 17:06:18,138 autoreload 7104 25060 File C:\Users\Нияз\PycharmProjects\metallurg_production\users\urls.py first seen with mtime 1746204543.047534
DEBUG 2025-05-08 17:06:18,139 autoreload 7104 25060 File C:\Users\Нияз\PycharmProjects\metallurg_production\.venv\Lib\site-packages\django\forms\__init__.py first seen with mtime 1744465212.3785748
DEBUG 2025-05-08 17:06:18,139 autoreload 7104 25060 File C:\Users\Нияз\PycharmProjects\metallurg_production\.venv\Lib\site-packages\django\utils\choices.py first seen with mtime 1744465212.5515919
DEBUG 2025-05-08 17:06:18,140 autoreload 7104 25060 File C:\Users\Нияз\PycharmProjects\metallurg_production\.venv\Lib\site-packages\django\contrib\contenttypes\models.py first seen with mtime 1744465209.6511774
DEBUG 2025-05-08 17:06:18,141 autoreload 7104 25060 File C:\Users\Нияз\PycharmProjects\metallurg_production\.venv\Lib\site-packages\pandas\core\computation\expr.py first seen with mtime 1744484128.3417344
DEBUG 2025-05-08 17:06:18,141 autoreload 7104 25060 File C:\Users\Нияз\PycharmProjects\metallurg_production\.venv\Lib\site-packages\pandas\_libs\missing.cp312-win_amd64.pyd first seen with mtime 1744484130.8718653
DEBUG 2025-05-08 17:06:18,141 autoreload 7104 25060 File C:\Users\Нияз\PycharmProjects\metallurg_production\shift_assignment\urls.py first seen with mtime 1746188780.6982756
DEBUG 2025-05-08 17:06:18,142 autoreload 7104 25060 File C:\Users\Нияз\PycharmProjects\metallurg_production\.venv\Lib\site-packages\numpy\lib\_polynomial_impl.py first seen with mtime 1744484117.2309637
DEBUG 2025-05-08 17:06:18,142 autoreload 7104 25060 File C:\Users\Нияз\AppData\Local\Programs\Python\Python312\Lib\weakref.py first seen with mtime 1712656218.0
DEBUG 2025-05-08 17:06:18,143 autoreload 7104 25060 File C:\Users\Нияз\PycharmProjects\metallurg_production\.venv\Lib\site-packages\django\core\files\temp.py first seen with mtime 1744465212.175971
DEBUG 2025-05-08 17:06:18,143 autoreload 7104 25060 File C:\Users\Нияз\PycharmProjects\metallurg_production\.venv\Lib\site-packages\django\contrib\auth\backends.py first seen with mtime 1744465209.396327
DEBUG 2025-05-08 17:06:18,144 autoreload 7104 25060 File C:\Users\Нияз\PycharmProjects\metallurg_production\.venv\Lib\site-packages\pytz\tzfile.py first seen with mtime 1744484116.423623
DEBUG 2025-05-08 17:06:18,144 autoreload 7104 25060 File C:\Users\Нияз\AppData\Local\Programs\Python\Python312\Lib\email\contentmanager.py first seen with mtime 1712656218.0
DEBUG 2025-05-08 17:06:18,144 autoreload 7104 25060 File C:\Users\Нияз\AppData\Local\Programs\Python\Python312\Lib\string.py first seen with mtime 1712656218.0
DEBUG 2025-05-08 17:06:18,145 autoreload 7104 25060 File C:\Users\Нияз\PycharmProjects\metallurg_production\.venv\Lib\site-packages\django\template\response.py first seen with mtime 1744465212.5146055
DEBUG 2025-05-08 17:06:18,145 autoreload 7104 25060 File C:\Users\Нияз\AppData\Local\Programs\Python\Python312\Lib\email\_policybase.py first seen with mtime 1712656218.0
DEBUG 2025-05-08 17:06:18,146 autoreload 7104 25060 File C:\Users\Нияз\AppData\Local\Programs\Python\Python312\Lib\typing.py first seen with mtime 1712656218.0
DEBUG 2025-05-08 17:06:18,147 autoreload 7104 25060 File C:\Users\Нияз\PycharmProjects\metallurg_production\.venv\Lib\site-packages\numpy\linalg\_umath_linalg.cp312-win_amd64.pyd first seen with mtime 1744484117.2780218
DEBUG 2025-05-08 17:06:18,147 autoreload 7104 25060 File C:\Users\Нияз\PycharmProjects\metallurg_production\.venv\Lib\site-packages\pandas\core\computation\check.py first seen with mtime 1744484128.3366487
DEBUG 2025-05-08 17:06:18,147 autoreload 7104 25060 File C:\Users\Нияз\PycharmProjects\metallurg_production\.venv\Lib\site-packages\psycopg2\_json.py first seen with mtime 1744471201.8580222
DEBUG 2025-05-08 17:06:18,149 autoreload 7104 25060 File C:\Users\Нияз\AppData\Local\Programs\Python\Python312\Lib\calendar.py first seen with mtime 1712656218.0
DEBUG 2025-05-08 17:06:18,149 autoreload 7104 25060 File C:\Users\Нияз\PycharmProjects\metallurg_production\.venv\Lib\site-packages\pandas\io\excel\_odswriter.py first seen with mtime 1744484128.573314
DEBUG 2025-05-08 17:06:18,150 autoreload 7104 25060 File C:\Users\Нияз\PycharmProjects\metallurg_production\.venv\Lib\site-packages\django\db\backends\utils.py first seen with mtime 1744465212.2490714
DEBUG 2025-05-08 17:06:18,150 autoreload 7104 25060 File C:\Users\Нияз\PycharmProjects\metallurg_production\.venv\Lib\site-packages\django\contrib\messages\storage\__init__.py first seen with mtime 1744465210.7414608
DEBUG 2025-05-08 17:06:18,150 autoreload 7104 25060 File C:\Users\Нияз\PycharmProjects\metallurg_production\.venv\Lib\site-packages\pandas\core\sorting.py first seen with mtime 1744484128.2123544
DEBUG 2025-05-08 17:06:18,151 autoreload 7104 25060 File C:\Users\Нияз\AppData\Local\Programs\Python\Python312\Lib\uuid.py first seen with mtime 1712656218.0
DEBUG 2025-05-08 17:06:18,151 autoreload 7104 25060 File C:\Users\Нияз\PycharmProjects\metallurg_production\.venv\Lib\site-packages\django\utils\autoreload.py first seen with mtime 1744465212.549537
DEBUG 2025-05-08 17:06:18,151 autoreload 7104 25060 File C:\Users\Нияз\AppData\Local\Programs\Python\Python312\Lib\email\charset.py first seen with mtime 1712656218.0
DEBUG 2025-05-08 17:06:18,152 autoreload 7104 25060 File C:\Users\Нияз\PycharmProjects\metallurg_production\.venv\Lib\site-packages\django\contrib\sessions\models.py first seen with mtime 1744465211.4279377
DEBUG 2025-05-08 17:06:18,152 autoreload 7104 25060 File C:\Users\Нияз\PycharmProjects\metallurg_production\.venv\Lib\site-packages\sqlparse\filters\others.py first seen with mtime 1744465207.3498032
DEBUG 2025-05-08 17:06:18,152 autoreload 7104 25060 File C:\Users\Нияз\PycharmProjects\metallurg_production\.venv\Lib\site-packages\django\contrib\messages\utils.py first seen with mtime 1744465210.739466
DEBUG 2025-05-08 17:06:18,152 autoreload 7104 25060 File C:\Users\Нияз\PycharmProjects\metallurg_production\.venv\Lib\site-packages\django\contrib\admin\utils.py first seen with mtime 1744465208.525333
DEBUG 2025-05-08 17:06:18,153 autoreload 7104 25060 File C:\Users\Нияз\PycharmProjects\metallurg_production\.venv\Lib\site-packages\pandas\core\array_algos\replace.py first seen with mtime 1744484128.3183956
DEBUG 2025-05-08 17:06:18,153 autoreload 7104 25060 File C:\Users\Нияз\PycharmProjects\metallurg_production\.venv\Lib\site-packages\django\core\checks\messages.py first seen with mtime 1744465212.1607463
DEBUG 2025-05-08 17:06:18,153 autoreload 7104 25060 File C:\Users\Нияз\PycharmProjects\metallurg_production\.venv\Lib\site-packages\numpy\_typing\_dtype_like.py first seen with mtime 1744484117.703181
DEBUG 2025-05-08 17:06:18,153 autoreload 7104 25060 File C:\Users\Нияз\PycharmProjects\metallurg_production\.venv\Lib\site-packages\django\utils\translation\__init__.py first seen with mtime 1744465212.586364
DEBUG 2025-05-08 17:06:18,154 autoreload 7104 25060 File C:\Users\Нияз\AppData\Local\Programs\Python\Python312\Lib\graphlib.py first seen with mtime 1712656218.0
DEBUG 2025-05-08 17:06:18,154 autoreload 7104 25060 File C:\Users\Нияз\PycharmProjects\metallurg_production\.venv\Lib\site-packages\django\contrib\admin\models.py first seen with mtime 1744465208.5223339
DEBUG 2025-05-08 17:06:18,154 autoreload 7104 25060 File C:\Users\Нияз\AppData\Local\Programs\Python\Python312\Lib\asyncio\constants.py first seen with mtime 1712656218.0
DEBUG 2025-05-08 17:06:18,154 autoreload 7104 25060 File C:\Users\Нияз\PycharmProjects\metallurg_production\.venv\Lib\site-packages\django\utils\deprecation.py first seen with mtime 1744465212.5596209
DEBUG 2025-05-08 17:06:18,156 autoreload 7104 25060 File C:\Users\Нияз\PycharmProjects\metallurg_production\.venv\Lib\site-packages\django\utils\http.py first seen with mtime 1744465212.568623
DEBUG 2025-05-08 17:06:18,156 autoreload 7104 25060 File C:\Users\Нияз\PycharmProjects\metallurg_production\.venv\Lib\site-packages\pandas\_libs\writers.cp312-win_amd64.pyd first seen with mtime 1744484130.9214394
DEBUG 2025-05-08 17:06:18,157 autoreload 7104 25060 File C:\Users\Нияз\AppData\Local\Programs\Python\Python312\Lib\concurrent\futures\_base.py first seen with mtime 1712656218.0
DEBUG 2025-05-08 17:06:18,157 autoreload 7104 25060 File C:\Users\Нияз\AppData\Local\Programs\Python\Python312\Lib\http\server.py first seen with mtime 1712656218.0
DEBUG 2025-05-08 17:06:18,157 autoreload 7104 25060 File C:\Users\Нияз\AppData\Local\Programs\Python\Python312\Lib\decimal.py first seen with mtime 1712656218.0
DEBUG 2025-05-08 17:06:18,157 autoreload 7104 25060 File C:\Users\Нияз\PycharmProjects\metallurg_production\.venv\Lib\site-packages\pandas\core\window\ewm.py first seen with mtime 1744484128.5156827
DEBUG 2025-05-08 17:06:18,157 autoreload 7104 25060 File C:\Users\Нияз\AppData\Local\Programs\Python\Python312\DLLs\select.pyd first seen with mtime 1712656262.0
DEBUG 2025-05-08 17:06:18,158 autoreload 7104 25060 File C:\Users\Нияз\PycharmProjects\metallurg_production\.venv\Lib\site-packages\pandas\core\computation\api.py first seen with mtime 1744484128.3355203
DEBUG 2025-05-08 17:06:18,158 autoreload 7104 25060 File C:\Users\Нияз\PycharmProjects\metallurg_production\.venv\Lib\site-packages\django\contrib\auth\forms.py first seen with mtime 1744465209.4014306
DEBUG 2025-05-08 17:06:18,158 autoreload 7104 25060 File C:\Users\Нияз\PycharmProjects\metallurg_production\.venv\Lib\site-packages\pandas\core\reshape\api.py first seen with mtime 1744484128.4722724
DEBUG 2025-05-08 17:06:18,158 autoreload 7104 25060 File C:\Users\Нияз\PycharmProjects\metallurg_production\.venv\Lib\site-packages\django\views\static.py first seen with mtime 1744465212.594884
DEBUG 2025-05-08 17:06:18,159 autoreload 7104 25060 File C:\Users\Нияз\PycharmProjects\metallurg_production\.venv\Lib\site-packages\pandas\core\computation\align.py first seen with mtime 1744484128.3317056
DEBUG 2025-05-08 17:06:18,159 autoreload 7104 25060 File C:\Users\Нияз\AppData\Local\Programs\Python\Python312\Lib\opcode.py first seen with mtime 1712656218.0
DEBUG 2025-05-08 17:06:18,160 autoreload 7104 25060 File C:\Users\Нияз\PycharmProjects\metallurg_production\.venv\Lib\site-packages\pandas\core\arrays\base.py first seen with mtime 1744484128.2175746
DEBUG 2025-05-08 17:06:18,160 autoreload 7104 25060 File C:\Users\Нияз\PycharmProjects\metallurg_production\.venv\Lib\site-packages\django\contrib\auth\hashers.py first seen with mtime 1744465209.4024272
DEBUG 2025-05-08 17:06:18,161 autoreload 7104 25060 File C:\Users\Нияз\PycharmProjects\metallurg_production\.venv\Lib\site-packages\pandas\_libs\tslibs\vectorized.cp312-win_amd64.pyd first seen with mtime 1744484131.0040894
DEBUG 2025-05-08 17:06:18,161 autoreload 7104 25060 File C:\Users\Нияз\AppData\Local\Programs\Python\Python312\Lib\email\utils.py first seen with mtime 1712656218.0
DEBUG 2025-05-08 17:06:18,162 autoreload 7104 25060 File C:\Users\Нияз\PycharmProjects\metallurg_production\.venv\Lib\site-packages\django\core\files\storage\memory.py first seen with mtime 1744465212.1844995
DEBUG 2025-05-08 17:06:18,162 autoreload 7104 25060 File C:\Users\Нияз\PycharmProjects\metallurg_production\.venv\Lib\site-packages\pandas\core\arrays\boolean.py first seen with mtime 1744484128.222255
DEBUG 2025-05-08 17:06:18,162 autoreload 7104 25060 File C:\Users\Нияз\AppData\Local\Programs\Python\Python312\Lib\ctypes\wintypes.py first seen with mtime 1712656218.0
DEBUG 2025-05-08 17:06:18,163 autoreload 7104 25060 File C:\Users\Нияз\PycharmProjects\metallurg_production\.venv\Lib\site-packages\numpy\lib\__init__.py first seen with mtime 1744484117.2467291
DEBUG 2025-05-08 17:06:18,163 autoreload 7104 25060 File C:\Users\Нияз\PycharmProjects\metallurg_production\.venv\Lib\site-packages\pandas\core\computation\scope.py first seen with mtime 1744484128.344579
DEBUG 2025-05-08 17:06:18,163 autoreload 7104 25060 File C:\Users\Нияз\PycharmProjects\metallurg_production\.venv\Lib\site-packages\pandas\core\ops\__init__.py first seen with mtime 1744484128.4694698
DEBUG 2025-05-08 17:06:18,163 autoreload 7104 25060 File C:\Users\Нияз\PycharmProjects\metallurg_production\.venv\Lib\site-packages\pandas\core\window\numba_.py first seen with mtime 1744484128.5184193
DEBUG 2025-05-08 17:06:18,164 autoreload 7104 25060 File C:\Users\Нияз\PycharmProjects\metallurg_production\.venv\Lib\site-packages\numpy\ma\__init__.py first seen with mtime 1744484117.2942376
DEBUG 2025-05-08 17:06:18,164 autoreload 7104 25060 File C:\Users\Нияз\PycharmProjects\metallurg_production\.venv\Lib\site-packages\pandas\io\json\__init__.py first seen with mtime 1744484128.6287
DEBUG 2025-05-08 17:06:18,164 autoreload 7104 25060 File C:\Users\Нияз\PycharmProjects\metallurg_production\.venv\Lib\site-packages\django\templatetags\__init__.py first seen with mtime 1744465212.5273907
DEBUG 2025-05-08 17:06:18,165 autoreload 7104 25060 File C:\Users\Нияз\PycharmProjects\metallurg_production\production_plan\forms.py first seen with mtime 1746560080.5693028
DEBUG 2025-05-08 17:06:18,165 autoreload 7104 25060 File C:\Users\Нияз\PycharmProjects\metallurg_production\.venv\Lib\site-packages\sqlparse\engine\grouping.py first seen with mtime 1744465207.345369
DEBUG 2025-05-08 17:06:18,165 autoreload 7104 25060 File C:\Users\Нияз\PycharmProjects\metallurg_production\.venv\Lib\site-packages\django\core\files\storage\filesystem.py first seen with mtime 1744465212.181974
DEBUG 2025-05-08 17:06:18,165 autoreload 7104 25060 File C:\Users\Нияз\PycharmProjects\metallurg_production\.venv\Lib\site-packages\django\template\loaders\filesystem.py first seen with mtime 1744465212.5263932
DEBUG 2025-05-08 17:06:18,165 autoreload 7104 25060 File C:\Users\Нияз\PycharmProjects\metallurg_production\.venv\Lib\site-packages\django\core\management\commands\__init__.py first seen with mtime 1744465212.208349
DEBUG 2025-05-08 17:06:18,166 autoreload 7104 25060 File C:\Users\Нияз\PycharmProjects\metallurg_production\.venv\Lib\site-packages\numpy\lib\_shape_base_impl.py first seen with mtime 1744484117.2467291
DEBUG 2025-05-08 17:06:18,166 autoreload 7104 25060 File C:\Users\Нияз\PycharmProjects\metallurg_production\.venv\Lib\site-packages\pandas\_libs\pandas_parser.cp312-win_amd64.pyd first seen with mtime 1744484130.8839843
DEBUG 2025-05-08 17:06:18,166 autoreload 7104 25060 File C:\Users\Нияз\PycharmProjects\metallurg_production\.venv\Lib\site-packages\pandas\core\indexes\interval.py first seen with mtime 1744484128.4135306
DEBUG 2025-05-08 17:06:18,166 autoreload 7104 25060 File C:\Users\Нияз\PycharmProjects\metallurg_production\.venv\Lib\site-packages\pandas\_libs\tslibs\period.cp312-win_amd64.pyd first seen with mtime 1744484130.9761515
DEBUG 2025-05-08 17:06:18,166 autoreload 7104 25060 File C:\Users\Нияз\PycharmProjects\metallurg_production\.venv\Lib\site-packages\pandas\core\arraylike.py first seen with mtime 1744484128.167971
DEBUG 2025-05-08 17:06:18,166 autoreload 7104 25060 File C:\Users\Нияз\PycharmProjects\metallurg_production\.venv\Lib\site-packages\pandas\arrays\__init__.py first seen with mtime 1744484128.134824
DEBUG 2025-05-08 17:06:18,166 autoreload 7104 25060 File C:\Users\Нияз\AppData\Local\Programs\Python\Python312\DLLs\unicodedata.pyd first seen with mtime 1712656262.0
DEBUG 2025-05-08 17:06:18,167 autoreload 7104 25060 File C:\Users\Нияз\PycharmProjects\metallurg_production\.venv\Lib\site-packages\django\core\checks\database.py first seen with mtime 1744465212.1587448
DEBUG 2025-05-08 17:06:18,167 autoreload 7104 25060 File C:\Users\Нияз\PycharmProjects\metallurg_production\.venv\Lib\site-packages\numpy\dtypes.py first seen with mtime 1744484117.0256329
DEBUG 2025-05-08 17:06:18,167 autoreload 7104 25060 File C:\Users\Нияз\PycharmProjects\metallurg_production\.venv\Lib\site-packages\pandas\core\internals\api.py first seen with mtime 1744484128.4367638
DEBUG 2025-05-08 17:06:18,167 autoreload 7104 25060 File C:\Users\Нияз\PycharmProjects\metallurg_production\.venv\Lib\site-packages\django\core\signals.py first seen with mtime 1744465212.1365
DEBUG 2025-05-08 17:06:18,168 autoreload 7104 25060 File C:\Users\Нияз\PycharmProjects\metallurg_production\.venv\Lib\site-packages\django\dispatch\__init__.py first seen with mtime 1744465212.375217
DEBUG 2025-05-08 17:06:18,168 autoreload 7104 25060 File C:\Users\Нияз\PycharmProjects\metallurg_production\.venv\Lib\site-packages\django\utils\translation\trans_real.py first seen with mtime 1744465212.589888
DEBUG 2025-05-08 17:06:18,168 autoreload 7104 25060 File C:\Users\Нияз\PycharmProjects\metallurg_production\.venv\Lib\site-packages\numpy\lib\_nanfunctions_impl.py first seen with mtime 1744484117.2309637
DEBUG 2025-05-08 17:06:18,169 autoreload 7104 25060 File C:\Users\Нияз\PycharmProjects\metallurg_production\.venv\Lib\site-packages\django\views\__init__.py first seen with mtime 1744465212.590882
DEBUG 2025-05-08 17:06:18,169 autoreload 7104 25060 File C:\Users\Нияз\PycharmProjects\metallurg_production\.venv\Lib\site-packages\pandas\io\parsers\readers.py first seen with mtime 1744484128.6347287
DEBUG 2025-05-08 17:06:18,169 autoreload 7104 25060 File C:\Users\Нияз\PycharmProjects\metallurg_production\.venv\Lib\site-packages\pandas\core\strings\__init__.py first seen with mtime 1744484128.5019338
DEBUG 2025-05-08 17:06:18,170 autoreload 7104 25060 File C:\Users\Нияз\PycharmProjects\metallurg_production\.venv\Lib\site-packages\pandas\_libs\sparse.cp312-win_amd64.pyd first seen with mtime 1744484130.9083962
DEBUG 2025-05-08 17:06:18,170 autoreload 7104 25060 File C:\Users\Нияз\PycharmProjects\metallurg_production\.venv\Lib\site-packages\django\db\backends\base\operations.py first seen with mtime 1744465212.256498
DEBUG 2025-05-08 17:06:18,170 autoreload 7104 25060 File C:\Users\Нияз\PycharmProjects\metallurg_production\.venv\Lib\site-packages\django\template\engine.py first seen with mtime 1744465212.509265
DEBUG 2025-05-08 17:06:18,171 autoreload 7104 25060 File C:\Users\Нияз\PycharmProjects\metallurg_production\.venv\Lib\site-packages\django\urls\conf.py first seen with mtime 1744465212.5418482
DEBUG 2025-05-08 17:06:18,171 autoreload 7104 25060 File C:\Users\Нияз\AppData\Local\Programs\Python\Python312\Lib\asyncio\coroutines.py first seen with mtime 1712656218.0
DEBUG 2025-05-08 17:06:18,171 autoreload 7104 25060 File C:\Users\Нияз\PycharmProjects\metallurg_production\.venv\Lib\site-packages\django\contrib\admin\views\main.py first seen with mtime 1744465209.1389713
DEBUG 2025-05-08 17:06:18,171 autoreload 7104 25060 File C:\Users\Нияз\PycharmProjects\metallurg_production\.venv\Lib\site-packages\dateutil\__init__.py first seen with mtime 1744484127.5463166
DEBUG 2025-05-08 17:06:18,171 autoreload 7104 25060 File C:\Users\Нияз\AppData\Local\Programs\Python\Python312\Lib\json\decoder.py first seen with mtime 1712656218.0
DEBUG 2025-05-08 17:06:18,171 autoreload 7104 25060 File C:\Users\Нияз\PycharmProjects\metallurg_production\.venv\Lib\site-packages\pandas\core\array_algos\masked_accumulations.py first seen with mtime 1744484128.3101716
DEBUG 2025-05-08 17:06:18,173 autoreload 7104 25060 File C:\Users\Нияз\PycharmProjects\metallurg_production\.venv\Lib\site-packages\pandas\core\arrays\masked.py first seen with mtime 1744484128.2436118
DEBUG 2025-05-08 17:06:18,173 autoreload 7104 25060 File C:\Users\Нияз\PycharmProjects\metallurg_production\.venv\Lib\site-packages\django\contrib\admin\templatetags\__init__.py first seen with mtime 1744465209.131602
DEBUG 2025-05-08 17:06:18,174 autoreload 7104 25060 File C:\Users\Нияз\PycharmProjects\metallurg_production\.venv\Lib\site-packages\pandas\io\clipboards.py first seen with mtime 1744484128.5443785
DEBUG 2025-05-08 17:06:18,174 autoreload 7104 25060 File C:\Users\Нияз\PycharmProjects\metallurg_production\.venv\Lib\site-packages\dateutil\tz\__init__.py first seen with mtime 1744484127.5622282
DEBUG 2025-05-08 17:06:18,174 autoreload 7104 25060 File C:\Users\Нияз\PycharmProjects\metallurg_production\.venv\Lib\site-packages\pandas\core\internals\blocks.py first seen with mtime 1744484128.4412308
DEBUG 2025-05-08 17:06:18,175 autoreload 7104 25060 File C:\Users\Нияз\AppData\Local\Programs\Python\Python312\Lib\tempfile.py first seen with mtime 1712656218.0
DEBUG 2025-05-08 17:06:18,175 autoreload 7104 25060 File C:\Users\Нияз\AppData\Local\Programs\Python\Python312\Lib\asyncio\runners.py first seen with mtime 1712656218.0
DEBUG 2025-05-08 17:06:18,175 autoreload 7104 25060 File C:\Users\Нияз\PycharmProjects\metallurg_production\.venv\Lib\site-packages\dateutil\_common.py first seen with mtime 1744484127.5483694
DEBUG 2025-05-08 17:06:18,176 autoreload 7104 25060 File C:\Users\Нияз\PycharmProjects\metallurg_production\.venv\Lib\site-packages\pandas\compat\numpy\function.py first seen with mtime 1744484128.151991
DEBUG 2025-05-08 17:06:18,176 autoreload 7104 25060 File C:\Users\Нияз\PycharmProjects\metallurg_production\.venv\Lib\site-packages\pandas\core\arrays\integer.py first seen with mtime 1744484128.2364986
DEBUG 2025-05-08 17:06:18,176 autoreload 7104 25060 File C:\Users\Нияз\PycharmProjects\metallurg_production\shift_assignment\__init__.py first seen with mtime 1744467419.8238027
DEBUG 2025-05-08 17:06:18,177 autoreload 7104 25060 File C:\Users\Нияз\PycharmProjects\metallurg_production\.venv\Lib\site-packages\sqlparse\utils.py first seen with mtime 1744465207.3429565
DEBUG 2025-05-08 17:06:18,178 autoreload 7104 25060 File C:\Users\Нияз\PycharmProjects\metallurg_production\.venv\Lib\site-packages\pandas\_config\display.py first seen with mtime 1744484130.728052
DEBUG 2025-05-08 17:06:18,178 autoreload 7104 25060 File C:\Users\Нияз\PycharmProjects\metallurg_production\.venv\Lib\site-packages\pandas\core\strings\accessor.py first seen with mtime 1744484128.4967582
DEBUG 2025-05-08 17:06:18,178 autoreload 7104 25060 File C:\Users\Нияз\PycharmProjects\metallurg_production\.venv\Lib\site-packages\django\core\checks\registry.py first seen with mtime 1744465212.1621814
DEBUG 2025-05-08 17:06:18,178 autoreload 7104 25060 File C:\Users\Нияз\PycharmProjects\metallurg_production\.venv\Lib\site-packages\pandas\io\stata.py first seen with mtime 1744484128.5616913
DEBUG 2025-05-08 17:06:18,179 autoreload 7104 25060 File C:\Users\Нияз\AppData\Local\Programs\Python\Python312\Lib\sysconfig.py first seen with mtime 1712656218.0
DEBUG 2025-05-08 17:06:18,179 autoreload 7104 25060 File C:\Users\Нияз\PycharmProjects\metallurg_production\.venv\Lib\site-packages\django\utils\termcolors.py first seen with mtime 1744465212.5784078
DEBUG 2025-05-08 17:06:18,179 autoreload 7104 25060 File C:\Users\Нияз\PycharmProjects\metallurg_production\.venv\Lib\site-packages\django\contrib\__init__.py first seen with mtime 1744465208.512877
DEBUG 2025-05-08 17:06:18,179 autoreload 7104 25060 File C:\Users\Нияз\PycharmProjects\metallurg_production\.venv\Lib\site-packages\django\core\management\utils.py first seen with mtime 1744465212.2073739
DEBUG 2025-05-08 17:06:18,180 autoreload 7104 25060 File C:\Users\Нияз\PycharmProjects\metallurg_production\.venv\Lib\site-packages\pandas\_config\config.py first seen with mtime 1744484130.7260537
DEBUG 2025-05-08 17:06:18,180 autoreload 7104 25060 File C:\Users\Нияз\PycharmProjects\metallurg_production\.venv\Lib\site-packages\django\contrib\messages\constants.py first seen with mtime 1744465210.7364628
DEBUG 2025-05-08 17:06:18,180 autoreload 7104 25060 File C:\Users\Нияз\AppData\Local\Programs\Python\Python312\Lib\encodings\cp1251.py first seen with mtime 1712656218.0
DEBUG 2025-05-08 17:06:18,181 autoreload 7104 25060 File C:\Users\Нияз\PycharmProjects\metallurg_production\.venv\Lib\site-packages\pandas\core\interchange\__init__.py first seen with mtime 1744484128.4341238
DEBUG 2025-05-08 17:06:18,181 autoreload 7104 25060 File C:\Users\Нияз\PycharmProjects\metallurg_production\.venv\Lib\site-packages\pandas\core\reshape\melt.py first seen with mtime 1744484128.4789467
DEBUG 2025-05-08 17:06:18,181 autoreload 7104 25060 File C:\Users\Нияз\AppData\Local\Programs\Python\Python312\Lib\functools.py first seen with mtime 1712656218.0
DEBUG 2025-05-08 17:06:18,181 autoreload 7104 25060 File C:\Users\Нияз\AppData\Local\Programs\Python\Python312\Lib\concurrent\futures\__init__.py first seen with mtime 1712656218.0
DEBUG 2025-05-08 17:06:18,181 autoreload 7104 25060 File C:\Users\Нияз\PycharmProjects\metallurg_production\.venv\Lib\site-packages\django\contrib\admin\apps.py first seen with mtime 1744465208.515886
DEBUG 2025-05-08 17:06:18,181 autoreload 7104 25060 File C:\Users\Нияз\PycharmProjects\metallurg_production\.venv\Lib\site-packages\django\db\migrations\operations\base.py first seen with mtime 1744465212.3220916
DEBUG 2025-05-08 17:06:18,181 autoreload 7104 25060 File C:\Users\Нияз\PycharmProjects\metallurg_production\.venv\Lib\site-packages\django\core\servers\basehttp.py first seen with mtime 1744465212.2423253
DEBUG 2025-05-08 17:06:18,182 autoreload 7104 25060 File C:\Users\Нияз\AppData\Local\Programs\Python\Python312\Lib\json\encoder.py first seen with mtime 1712656218.0
DEBUG 2025-05-08 17:06:18,182 autoreload 7104 25060 File C:\Users\Нияз\AppData\Local\Programs\Python\Python312\Lib\asyncio\format_helpers.py first seen with mtime 1712656218.0
DEBUG 2025-05-08 17:06:18,182 autoreload 7104 25060 File C:\Users\Нияз\PycharmProjects\metallurg_production\.venv\Lib\site-packages\django\template\exceptions.py first seen with mtime 1744465212.5102646
DEBUG 2025-05-08 17:06:18,183 autoreload 7104 25060 File C:\Users\Нияз\PycharmProjects\metallurg_production\.venv\Lib\site-packages\django\db\models\functions\datetime.py first seen with mtime 1744465212.360151
DEBUG 2025-05-08 17:06:18,183 autoreload 7104 25060 File C:\Users\Нияз\PycharmProjects\metallurg_production\.venv\Lib\site-packages\pandas\io\parquet.py first seen with mtime 1744484128.5546763
DEBUG 2025-05-08 17:06:18,183 autoreload 7104 25060 File C:\Users\Нияз\PycharmProjects\metallurg_production\.venv\Lib\site-packages\pandas\_libs\groupby.cp312-win_amd64.pyd first seen with mtime 1744484130.7802875
DEBUG 2025-05-08 17:06:18,183 autoreload 7104 25060 File C:\Users\Нияз\PycharmProjects\metallurg_production\.venv\Lib\site-packages\dotenv\variables.py first seen with mtime 1744465244.7720637
DEBUG 2025-05-08 17:06:18,184 autoreload 7104 25060 File C:\Users\Нияз\PycharmProjects\metallurg_production\.venv\Lib\site-packages\django\core\servers\__init__.py first seen with mtime 1744465212.2413118
DEBUG 2025-05-08 17:06:18,184 autoreload 7104 25060 File C:\Users\Нияз\PycharmProjects\metallurg_production\.venv\Lib\site-packages\pandas\core\tools\times.py first seen with mtime 1744484128.5048904
DEBUG 2025-05-08 17:06:18,184 autoreload 7104 25060 File C:\Users\Нияз\PycharmProjects\metallurg_production\.venv\Lib\site-packages\numpy\lib\_array_utils_impl.py first seen with mtime 1744484117.2151923
DEBUG 2025-05-08 17:06:18,185 autoreload 7104 25060 File C:\Users\Нияз\PycharmProjects\metallurg_production\.venv\Lib\site-packages\django\utils\cache.py first seen with mtime 1744465212.5505776
DEBUG 2025-05-08 17:06:18,185 autoreload 7104 25060 File C:\Users\Нияз\PycharmProjects\metallurg_production\.venv\Lib\site-packages\dotenv\parser.py first seen with mtime 1744465244.7686121
DEBUG 2025-05-08 17:06:18,185 autoreload 7104 25060 File C:\Users\Нияз\PycharmProjects\metallurg_production\.venv\Lib\site-packages\pandas\core\ops\mask_ops.py first seen with mtime 1744484128.4673016
DEBUG 2025-05-08 17:06:18,185 autoreload 7104 25060 File C:\Users\Нияз\AppData\Local\Programs\Python\Python312\Lib\asyncio\__init__.py first seen with mtime 1712656218.0
DEBUG 2025-05-08 17:06:18,186 autoreload 7104 25060 File C:\Users\Нияз\PycharmProjects\metallurg_production\.venv\Lib\site-packages\_virtualenv.py first seen with mtime 1744464906.381961
DEBUG 2025-05-08 17:06:18,186 autoreload 7104 25060 File C:\Users\Нияз\PycharmProjects\metallurg_production\.venv\Lib\site-packages\django\db\models\sql\constants.py first seen with mtime 1744465212.3690424
DEBUG 2025-05-08 17:06:18,186 autoreload 7104 25060 File C:\Users\Нияз\PycharmProjects\metallurg_production\.venv\Lib\site-packages\django\contrib\auth\models.py first seen with mtime 1744465209.404431
DEBUG 2025-05-08 17:06:18,187 autoreload 7104 25060 File C:\Users\Нияз\PycharmProjects\metallurg_production\.venv\Lib\site-packages\dateutil\parser\__init__.py first seen with mtime 1744484127.5572193
DEBUG 2025-05-08 17:06:18,187 autoreload 7104 25060 File C:\Users\Нияз\PycharmProjects\metallurg_production\.venv\Lib\site-packages\pandas\io\parsers\c_parser_wrapper.py first seen with mtime 1744484128.6347287
DEBUG 2025-05-08 17:06:18,187 autoreload 7104 25060 File C:\Users\Нияз\AppData\Local\Programs\Python\Python312\Lib\secrets.py first seen with mtime 1712656218.0
DEBUG 2025-05-08 17:06:18,187 autoreload 7104 25060 File C:\Users\Нияз\PycharmProjects\metallurg_production\.venv\Lib\site-packages\django\views\i18n.py first seen with mtime 1744465212.593882
DEBUG 2025-05-08 17:06:18,188 autoreload 7104 25060 File C:\Users\Нияз\PycharmProjects\metallurg_production\.venv\Lib\site-packages\django\contrib\auth\tokens.py first seen with mtime 1744465209.407297
DEBUG 2025-05-08 17:06:18,188 autoreload 7104 25060 File C:\Users\Нияз\PycharmProjects\metallurg_production\.venv\Lib\site-packages\pandas\io\json\_table_schema.py first seen with mtime 1744484128.6273847
DEBUG 2025-05-08 17:06:18,188 autoreload 7104 25060 File C:\Users\Нияз\PycharmProjects\metallurg_production\.venv\Lib\site-packages\django\utils\duration.py first seen with mtime 1744465212.560626
DEBUG 2025-05-08 17:06:18,188 autoreload 7104 25060 File C:\Users\Нияз\PycharmProjects\metallurg_production\.venv\Lib\site-packages\pandas\core\reshape\concat.py first seen with mtime 1744484128.4749575
DEBUG 2025-05-08 17:06:18,189 autoreload 7104 25060 File C:\Users\Нияз\PycharmProjects\metallurg_production\.venv\Lib\site-packages\django\contrib\staticfiles\__init__.py first seen with mtime 1744465212.1037936
DEBUG 2025-05-08 17:06:18,189 autoreload 7104 25060 File C:\Users\Нияз\PycharmProjects\metallurg_production\.venv\Lib\site-packages\django\contrib\staticfiles\management\commands\runserver.py first seen with mtime 1744465212.1246345
DEBUG 2025-05-08 17:06:18,189 autoreload 7104 25060 File C:\Users\Нияз\PycharmProjects\metallurg_production\.venv\Lib\site-packages\pandas\_testing\asserters.py first seen with mtime 1744484131.0177052
DEBUG 2025-05-08 17:06:18,190 autoreload 7104 25060 File C:\Users\Нияз\AppData\Local\Programs\Python\Python312\Lib\email\message.py first seen with mtime 1712656218.0
DEBUG 2025-05-08 17:06:18,190 autoreload 7104 25060 File C:\Users\Нияз\PycharmProjects\metallurg_production\.venv\Lib\site-packages\numpy\_core\_dtype.py first seen with mtime 1744484117.5451596
DEBUG 2025-05-08 17:06:18,190 autoreload 7104 25060 File C:\Users\Нияз\PycharmProjects\metallurg_production\.venv\Lib\site-packages\dotenv\main.py first seen with mtime 1744465244.7686121
DEBUG 2025-05-08 17:06:18,190 autoreload 7104 25060 File C:\Users\Нияз\PycharmProjects\metallurg_production\.venv\Lib\site-packages\pandas\core\resample.py first seen with mtime 1744484128.2000504
DEBUG 2025-05-08 17:06:18,191 autoreload 7104 25060 File C:\Users\Нияз\PycharmProjects\metallurg_production\.venv\Lib\site-packages\pytz\__init__.py first seen with mtime 1744484116.4175093
DEBUG 2025-05-08 17:06:18,191 autoreload 7104 25060 File C:\Users\Нияз\AppData\Local\Programs\Python\Python312\Lib\pkgutil.py first seen with mtime 1712656218.0
DEBUG 2025-05-08 17:06:18,191 autoreload 7104 25060 File C:\Users\Нияз\PycharmProjects\metallurg_production\.venv\Lib\site-packages\pandas\core\groupby\base.py first seen with mtime 1744484128.3749974
DEBUG 2025-05-08 17:06:18,191 autoreload 7104 25060 File C:\Users\Нияз\PycharmProjects\metallurg_production\.venv\Lib\site-packages\django\template\backends\django.py first seen with mtime 1744465212.520001
DEBUG 2025-05-08 17:06:18,192 autoreload 7104 25060 File C:\Users\Нияз\PycharmProjects\metallurg_production\.venv\Lib\site-packages\django\templatetags\static.py first seen with mtime 1744465212.5311744
DEBUG 2025-05-08 17:06:18,192 autoreload 7104 25060 File C:\Users\Нияз\AppData\Local\Programs\Python\Python312\Lib\importlib\__init__.py first seen with mtime 1712656218.0
DEBUG 2025-05-08 17:06:18,192 autoreload 7104 25060 File C:\Users\Нияз\PycharmProjects\metallurg_production\.venv\Lib\site-packages\pandas\core\util\hashing.py first seen with mtime 1744484128.508568
DEBUG 2025-05-08 17:06:18,193 autoreload 7104 25060 File C:\Users\Нияз\PycharmProjects\metallurg_production\.venv\Lib\site-packages\django\db\models\fields\proxy.py first seen with mtime 1744465212.3511288
DEBUG 2025-05-08 17:06:18,193 autoreload 7104 25060 File C:\Users\Нияз\PycharmProjects\metallurg_production\.venv\Lib\site-packages\pandas\core\api.py first seen with mtime 1744484128.1625535
DEBUG 2025-05-08 17:06:18,194 autoreload 7104 25060 File C:\Users\Нияз\PycharmProjects\metallurg_production\.venv\Lib\site-packages\pandas\core\config_init.py first seen with mtime 1744484128.1743007
DEBUG 2025-05-08 17:06:18,194 autoreload 7104 25060 File C:\Users\Нияз\AppData\Local\Programs\Python\Python312\Lib\re\_constants.py first seen with mtime 1712656218.0
DEBUG 2025-05-08 17:06:18,194 autoreload 7104 25060 File C:\Users\Нияз\PycharmProjects\metallurg_production\.venv\Lib\site-packages\django\core\cache\backends\base.py first seen with mtime 1744465212.1464603
DEBUG 2025-05-08 17:06:18,194 autoreload 7104 25060 File C:\Users\Нияз\PycharmProjects\metallurg_production\.venv\Lib\site-packages\pandas\core\frame.py first seen with mtime 1744484128.1837456
DEBUG 2025-05-08 17:06:18,194 autoreload 7104 25060 File C:\Users\Нияз\PycharmProjects\metallurg_production\.venv\Lib\site-packages\pandas\core\tools\timedeltas.py first seen with mtime 1744484128.5048904
DEBUG 2025-05-08 17:06:18,195 autoreload 7104 25060 File C:\Users\Нияз\PycharmProjects\metallurg_production\.venv\Lib\site-packages\numpy\_core\_type_aliases.py first seen with mtime 1744484117.592651
DEBUG 2025-05-08 17:06:18,195 autoreload 7104 25060 File C:\Users\Нияз\PycharmProjects\metallurg_production\.venv\Lib\site-packages\django\contrib\staticfiles\utils.py first seen with mtime 1744465212.1147838
DEBUG 2025-05-08 17:06:18,195 autoreload 7104 25060 File C:\Users\Нияз\PycharmProjects\metallurg_production\.venv\Lib\site-packages\django\db\migrations\operations\fields.py first seen with mtime 1744465212.3220916
DEBUG 2025-05-08 17:06:18,195 autoreload 7104 25060 File C:\Users\Нияз\PycharmProjects\metallurg_production\.venv\Lib\site-packages\django\core\files\storage\__init__.py first seen with mtime 1744465212.1799736
DEBUG 2025-05-08 17:06:18,197 autoreload 7104 25060 File C:\Users\Нияз\PycharmProjects\metallurg_production\.venv\Lib\site-packages\numpy\lib\stride_tricks.py first seen with mtime 1744484117.2151923
DEBUG 2025-05-08 17:06:18,197 autoreload 7104 25060 File C:\Users\Нияз\AppData\Local\Programs\Python\Python312\Lib\asyncio\proactor_events.py first seen with mtime 1712656218.0
DEBUG 2025-05-08 17:06:18,197 autoreload 7104 25060 File C:\Users\Нияз\PycharmProjects\metallurg_production\.venv\Lib\site-packages\numpy\lib\_stride_tricks_impl.py first seen with mtime 1744484117.2467291
DEBUG 2025-05-08 17:06:18,197 autoreload 7104 25060 File C:\Users\Нияз\AppData\Local\Programs\Python\Python312\Lib\asyncio\sslproto.py first seen with mtime 1712656218.0
DEBUG 2025-05-08 17:06:18,198 autoreload 7104 25060 File C:\Users\Нияз\PycharmProjects\metallurg_production\.venv\Lib\site-packages\django\core\management\color.py first seen with mtime 1744465212.20383
DEBUG 2025-05-08 17:06:18,198 autoreload 7104 25060 File C:\Users\Нияз\AppData\Local\Programs\Python\Python312\Lib\asyncio\taskgroups.py first seen with mtime 1712656218.0
DEBUG 2025-05-08 17:06:18,198 autoreload 7104 25060 File C:\Users\Нияз\PycharmProjects\metallurg_production\.venv\Lib\site-packages\pandas\io\api.py first seen with mtime 1744484128.543076
DEBUG 2025-05-08 17:06:18,199 autoreload 7104 25060 File C:\Users\Нияз\PycharmProjects\metallurg_production\.venv\Lib\site-packages\pandas\core\array_algos\putmask.py first seen with mtime 1744484128.3153863
DEBUG 2025-05-08 17:06:18,199 autoreload 7104 25060 File C:\Users\Нияз\AppData\Local\Programs\Python\Python312\Lib\email\headerregistry.py first seen with mtime 1712656218.0
DEBUG 2025-05-08 17:06:18,199 autoreload 7104 25060 File C:\Users\Нияз\AppData\Local\Programs\Python\Python312\Lib\http\__init__.py first seen with mtime 1712656218.0
DEBUG 2025-05-08 17:06:18,199 autoreload 7104 25060 File C:\Users\Нияз\PycharmProjects\metallurg_production\.venv\Lib\site-packages\django\utils\_os.py first seen with mtime 1744465212.546736
DEBUG 2025-05-08 17:06:18,199 autoreload 7104 25060 File C:\Users\Нияз\PycharmProjects\metallurg_production\.venv\Lib\site-packages\django\utils\ipv6.py first seen with mtime 1744465212.5704274
DEBUG 2025-05-08 17:06:18,200 autoreload 7104 25060 File C:\Users\Нияз\PycharmProjects\metallurg_production\.venv\Lib\site-packages\pandas\_libs\tslibs\parsing.cp312-win_amd64.pyd first seen with mtime 1744484130.9651525
DEBUG 2025-05-08 17:06:18,200 autoreload 7104 25060 File C:\Users\Нияз\PycharmProjects\metallurg_production\.venv\Lib\site-packages\pandas\core\strings\base.py first seen with mtime 1744484128.4987824
DEBUG 2025-05-08 17:06:18,201 autoreload 7104 25060 File C:\Users\Нияз\PycharmProjects\metallurg_production\.venv\Lib\site-packages\django\contrib\admin\sites.py first seen with mtime 1744465208.5243342
DEBUG 2025-05-08 17:06:18,201 autoreload 7104 25060 File C:\Users\Нияз\PycharmProjects\metallurg_production\.venv\Lib\site-packages\django\db\models\aggregates.py first seen with mtime 1744465212.327099
DEBUG 2025-05-08 17:06:18,201 autoreload 7104 25060 File C:\Users\Нияз\PycharmProjects\metallurg_production\.venv\Lib\site-packages\django\template\loader.py first seen with mtime 1744465212.5132627
DEBUG 2025-05-08 17:06:18,201 autoreload 7104 25060 File C:\Users\Нияз\AppData\Local\Programs\Python\Python312\Lib\html\entities.py first seen with mtime 1712656218.0
DEBUG 2025-05-08 17:06:18,201 autoreload 7104 25060 File C:\Users\Нияз\PycharmProjects\metallurg_production\.venv\Lib\site-packages\django\http\__init__.py first seen with mtime 1744465212.4828792
DEBUG 2025-05-08 17:06:18,203 autoreload 7104 25060 File C:\Users\Нияз\PycharmProjects\metallurg_production\.venv\Lib\site-packages\pandas\_testing\contexts.py first seen with mtime 1744484131.0187142
DEBUG 2025-05-08 17:06:18,203 autoreload 7104 25060 File C:\Users\Нияз\AppData\Local\Programs\Python\Python312\Lib\warnings.py first seen with mtime 1712656218.0
DEBUG 2025-05-08 17:06:18,203 autoreload 7104 25060 File C:\Users\Нияз\PycharmProjects\metallurg_production\.venv\Lib\site-packages\django\db\migrations\operations\special.py first seen with mtime 1744465212.3250995
DEBUG 2025-05-08 17:06:18,204 autoreload 7104 25060 File C:\Users\Нияз\PycharmProjects\metallurg_production\.venv\Lib\site-packages\django\utils\translation\reloader.py first seen with mtime 1744465212.587363
DEBUG 2025-05-08 17:06:18,204 autoreload 7104 25060 File C:\Users\Нияз\AppData\Local\Programs\Python\Python312\DLLs\_overlapped.pyd first seen with mtime 1712656262.0
DEBUG 2025-05-08 17:06:18,204 autoreload 7104 25060 File C:\Users\Нияз\PycharmProjects\metallurg_production\.venv\Lib\site-packages\django\core\management\commands\runserver.py first seen with mtime 1744465212.2216084
DEBUG 2025-05-08 17:06:18,204 autoreload 7104 25060 File C:\Users\Нияз\PycharmProjects\metallurg_production\.venv\Lib\site-packages\django\core\checks\translation.py first seen with mtime 1744465212.1636758
DEBUG 2025-05-08 17:06:18,204 autoreload 7104 25060 File C:\Users\Нияз\PycharmProjects\metallurg_production\.venv\Lib\site-packages\pandas\api\extensions\__init__.py first seen with mtime 1744484128.1210864
DEBUG 2025-05-08 17:06:18,205 autoreload 7104 25060 File C:\Users\Нияз\PycharmProjects\metallurg_production\.venv\Lib\site-packages\django\db\backends\base\client.py first seen with mtime 1744465212.251788
DEBUG 2025-05-08 17:06:18,205 autoreload 7104 25060 File C:\Users\Нияз\AppData\Local\Programs\Python\Python312\DLLs\_asyncio.pyd first seen with mtime 1712656262.0
DEBUG 2025-05-08 17:06:18,205 autoreload 7104 25060 File C:\Users\Нияз\PycharmProjects\metallurg_production\.venv\Lib\site-packages\pandas\core\dtypes\astype.py first seen with mtime 1744484128.3542953
DEBUG 2025-05-08 17:06:18,205 autoreload 7104 25060 File C:\Users\Нияз\PycharmProjects\metallurg_production\.venv\Lib\site-packages\numpy\lib\scimath.py first seen with mtime 1744484117.2151923
DEBUG 2025-05-08 17:06:18,205 autoreload 7104 25060 File C:\Users\Нияз\AppData\Local\Programs\Python\Python312\Lib\getpass.py first seen with mtime 1712656218.0
DEBUG 2025-05-08 17:06:18,205 autoreload 7104 25060 File C:\Users\Нияз\PycharmProjects\metallurg_production\.venv\Lib\site-packages\pandas\core\nanops.py first seen with mtime 1744484128.1972744
DEBUG 2025-05-08 17:06:18,205 autoreload 7104 25060 File C:\Users\Нияз\AppData\Local\Programs\Python\Python312\Lib\selectors.py first seen with mtime 1712656218.0
DEBUG 2025-05-08 17:06:18,206 autoreload 7104 25060 File C:\Users\Нияз\PycharmProjects\metallurg_production\.venv\Lib\site-packages\pandas\core\indexes\range.py first seen with mtime 1744484128.417155
DEBUG 2025-05-08 17:06:18,206 autoreload 7104 25060 File C:\Users\Нияз\PycharmProjects\metallurg_production\.venv\Lib\site-packages\numpy\__init__.py first seen with mtime 1744484117.0570707
DEBUG 2025-05-08 17:06:18,206 autoreload 7104 25060 File C:\Users\Нияз\PycharmProjects\metallurg_production\.venv\Lib\site-packages\numpy\lib\_index_tricks_impl.py first seen with mtime 1744484117.2309637
DEBUG 2025-05-08 17:06:18,206 autoreload 7104 25060 File C:\Users\Нияз\PycharmProjects\metallurg_production\.venv\Lib\site-packages\django\contrib\admin\templatetags\log.py first seen with mtime 1744465209.1366005
DEBUG 2025-05-08 17:06:18,207 autoreload 7104 25060 File C:\Users\Нияз\PycharmProjects\metallurg_production\.venv\Lib\site-packages\pandas\core\base.py first seen with mtime 1744484128.1700792
DEBUG 2025-05-08 17:06:18,207 autoreload 7104 25060 File C:\Users\Нияз\PycharmProjects\metallurg_production\.venv\Lib\site-packages\psycopg2\errors.py first seen with mtime 1744471201.882859
DEBUG 2025-05-08 17:06:18,207 autoreload 7104 25060 File C:\Users\Нияз\PycharmProjects\metallurg_production\.venv\Lib\site-packages\django\forms\renderers.py first seen with mtime 1744465212.3849745
DEBUG 2025-05-08 17:06:18,207 autoreload 7104 25060 File C:\Users\Нияз\AppData\Local\Programs\Python\Python312\Lib\dataclasses.py first seen with mtime 1712656218.0
DEBUG 2025-05-08 17:06:18,207 autoreload 7104 25060 File C:\Users\Нияз\PycharmProjects\metallurg_production\.venv\Lib\site-packages\django\core\checks\files.py first seen with mtime 1744465212.1607463
DEBUG 2025-05-08 17:06:18,209 autoreload 7104 25060 File C:\Users\Нияз\PycharmProjects\metallurg_production\.venv\Lib\site-packages\pandas\core\groupby\__init__.py first seen with mtime 1744484128.3908305
DEBUG 2025-05-08 17:06:18,209 autoreload 7104 25060 File C:\Users\Нияз\PycharmProjects\metallurg_production\.venv\Lib\site-packages\django\urls\utils.py first seen with mtime 1744465212.5460083
DEBUG 2025-05-08 17:06:18,209 autoreload 7104 25060 File C:\Users\Нияз\PycharmProjects\metallurg_production\.venv\Lib\site-packages\django\views\generic\edit.py first seen with mtime 1744465212.609655
DEBUG 2025-05-08 17:06:18,210 autoreload 7104 25060 File C:\Users\Нияз\PycharmProjects\metallurg_production\.venv\Lib\site-packages\django\templatetags\i18n.py first seen with mtime 1744465212.5298488
DEBUG 2025-05-08 17:06:18,210 autoreload 7104 25060 File C:\Users\Нияз\PycharmProjects\metallurg_production\.venv\Lib\site-packages\django\db\backends\base\schema.py first seen with mtime 1744465212.2574978
DEBUG 2025-05-08 17:06:18,210 autoreload 7104 25060 File C:\Users\Нияз\AppData\Local\Programs\Python\Python312\Lib\collections\__init__.py first seen with mtime 1712656218.0
DEBUG 2025-05-08 17:06:18,211 autoreload 7104 25060 File C:\Users\Нияз\PycharmProjects\metallurg_production\.venv\Lib\site-packages\django\db\migrations\operations\models.py first seen with mtime 1744465212.3230977
DEBUG 2025-05-08 17:06:18,211 autoreload 7104 25060 File C:\Users\Нияз\PycharmProjects\metallurg_production\.venv\Lib\site-packages\pandas\_libs\arrays.cp312-win_amd64.pyd first seen with mtime 1744484130.7574215
DEBUG 2025-05-08 17:06:18,211 autoreload 7104 25060 File C:\Users\Нияз\PycharmProjects\metallurg_production\.venv\Lib\site-packages\django\db\backends\postgresql\__init__.py first seen with mtime 1744465212.2839334
DEBUG 2025-05-08 17:06:18,211 autoreload 7104 25060 File C:\Users\Нияз\AppData\Local\Programs\Python\Python312\Lib\concurrent\__init__.py first seen with mtime 1712656218.0
DEBUG 2025-05-08 17:06:18,212 autoreload 7104 25060 File C:\Users\Нияз\PycharmProjects\metallurg_production\.venv\Lib\site-packages\pandas\core\arrays\datetimelike.py first seen with mtime 1744484128.228011
DEBUG 2025-05-08 17:06:18,212 autoreload 7104 25060 File C:\Users\Нияз\PycharmProjects\metallurg_production\.venv\Lib\site-packages\pandas\core\indexes\category.py first seen with mtime 1744484128.4060805
DEBUG 2025-05-08 17:06:18,212 autoreload 7104 25060 File C:\Users\Нияз\PycharmProjects\metallurg_production\.venv\Lib\site-packages\numpy\random\bit_generator.cp312-win_amd64.pyd first seen with mtime 1744484117.3410404
DEBUG 2025-05-08 17:06:18,213 autoreload 7104 25060 File C:\Users\Нияз\PycharmProjects\metallurg_production\.venv\Lib\site-packages\pandas\io\formats\console.py first seen with mtime 1744484128.582276
DEBUG 2025-05-08 17:06:18,213 autoreload 7104 25060 File C:\Users\Нияз\AppData\Local\Programs\Python\Python312\Lib\glob.py first seen with mtime 1712656218.0
DEBUG 2025-05-08 17:06:18,214 autoreload 7104 25060 File C:\Users\Нияз\AppData\Local\Programs\Python\Python312\DLLs\_socket.pyd first seen with mtime 1712656262.0
DEBUG 2025-05-08 17:06:18,214 autoreload 7104 25060 File C:\Users\Нияз\PycharmProjects\metallurg_production\config\middleware.py first seen with mtime 1745865612.1133406
DEBUG 2025-05-08 17:06:18,214 autoreload 7104 25060 File C:\Users\Нияз\PycharmProjects\metallurg_production\.venv\Lib\site-packages\crispy_forms\helper.py first seen with mtime 1746193173.1217742
DEBUG 2025-05-08 17:06:18,215 autoreload 7104 25060 File C:\Users\Нияз\PycharmProjects\metallurg_production\.venv\Lib\site-packages\django\contrib\admin\exceptions.py first seen with mtime 1744465208.5193324
DEBUG 2025-05-08 17:06:18,215 autoreload 7104 25060 File C:\Users\Нияз\PycharmProjects\metallurg_production\.venv\Lib\site-packages\django\db\backends\base\base.py first seen with mtime 1744465212.251788
DEBUG 2025-05-08 17:06:18,215 autoreload 7104 25060 File C:\Users\Нияз\AppData\Local\Programs\Python\Python312\Lib\email\mime\message.py first seen with mtime 1712656218.0
DEBUG 2025-05-08 17:06:18,216 autoreload 7104 25060 File C:\Users\Нияз\PycharmProjects\metallurg_production\.venv\Lib\site-packages\django\db\models\signals.py first seen with mtime 1744465212.3412151
DEBUG 2025-05-08 17:06:18,216 autoreload 7104 25060 File C:\Users\Нияз\PycharmProjects\metallurg_production\.venv\Lib\site-packages\django\db\models\fields\related_lookups.py first seen with mtime 1744465212.3550382
DEBUG 2025-05-08 17:06:18,216 autoreload 7104 25060 File C:\Users\Нияз\AppData\Local\Programs\Python\Python312\DLLs\_lzma.pyd first seen with mtime 1712656262.0
DEBUG 2025-05-08 17:06:18,216 autoreload 7104 25060 File C:\Users\Нияз\PycharmProjects\metallurg_production\.venv\Lib\site-packages\pandas\core\array_algos\masked_reductions.py first seen with mtime 1744484128.313378
DEBUG 2025-05-08 17:06:18,216 autoreload 7104 25060 File C:\Users\Нияз\PycharmProjects\metallurg_production\.venv\Lib\site-packages\pandas\io\excel\_pyxlsb.py first seen with mtime 1744484128.577809
DEBUG 2025-05-08 17:06:18,217 autoreload 7104 25060 File C:\Users\Нияз\PycharmProjects\metallurg_production\.venv\Lib\site-packages\django\contrib\messages\api.py first seen with mtime 1744465210.735461
DEBUG 2025-05-08 17:06:18,217 autoreload 7104 25060 File C:\Users\Нияз\PycharmProjects\metallurg_production\.venv\Lib\site-packages\numpy\_pytesttester.py first seen with mtime 1744484117.041396
DEBUG 2025-05-08 17:06:18,217 autoreload 7104 25060 File C:\Users\Нияз\PycharmProjects\metallurg_production\.venv\Lib\site-packages\django\contrib\auth\mixins.py first seen with mtime 1744465209.404431
DEBUG 2025-05-08 17:06:18,217 autoreload 7104 25060 File C:\Users\Нияз\PycharmProjects\metallurg_production\shift_assignment\admin.py first seen with mtime 1746561867.8325834
DEBUG 2025-05-08 17:06:18,219 autoreload 7104 25060 File C:\Users\Нияз\PycharmProjects\metallurg_production\.venv\Lib\site-packages\django\shortcuts.py first seen with mtime 1744465208.1293302
DEBUG 2025-05-08 17:06:18,219 autoreload 7104 25060 File C:\Users\Нияз\PycharmProjects\metallurg_production\.venv\Lib\site-packages\django\utils\html.py first seen with mtime 1744465212.5676234
DEBUG 2025-05-08 17:06:18,219 autoreload 7104 25060 File C:\Users\Нияз\PycharmProjects\metallurg_production\.venv\Lib\site-packages\pandas\io\pickle.py first seen with mtime 1744484128.5546763
DEBUG 2025-05-08 17:06:18,219 autoreload 7104 25060 File C:\Users\Нияз\PycharmProjects\metallurg_production\.venv\Lib\site-packages\numpy\_core\overrides.py first seen with mtime 1744484117.531263
DEBUG 2025-05-08 17:06:18,219 autoreload 7104 25060 File C:\Users\Нияз\AppData\Local\Programs\Python\Python312\Lib\struct.py first seen with mtime 1712656218.0
DEBUG 2025-05-08 17:06:18,219 autoreload 7104 25060 File C:\Users\Нияз\PycharmProjects\metallurg_production\.venv\Lib\site-packages\numpy\_core\_dtype_ctypes.py first seen with mtime 1744484117.5451596
DEBUG 2025-05-08 17:06:18,219 autoreload 7104 25060 File C:\Users\Нияз\PycharmProjects\metallurg_production\.venv\Lib\site-packages\django\urls\__init__.py first seen with mtime 1744465212.5408099
DEBUG 2025-05-08 17:06:18,221 autoreload 7104 25060 File C:\Users\Нияз\AppData\Local\Programs\Python\Python312\Lib\asyncio\base_events.py first seen with mtime 1712656218.0
DEBUG 2025-05-08 17:06:18,221 autoreload 7104 25060 File C:\Users\Нияз\PycharmProjects\metallurg_production\.venv\Lib\site-packages\django\contrib\admin\helpers.py first seen with mtime 1744465208.521336
DEBUG 2025-05-08 17:06:18,221 autoreload 7104 25060 File C:\Users\Нияз\AppData\Local\Programs\Python\Python312\Lib\email\generator.py first seen with mtime 1712656218.0
DEBUG 2025-05-08 17:06:18,221 autoreload 7104 25060 File C:\Users\Нияз\PycharmProjects\metallurg_production\.venv\Lib\site-packages\numpy\_core\_asarray.py first seen with mtime 1744484117.531263
DEBUG 2025-05-08 17:06:18,222 autoreload 7104 25060 File C:\Users\Нияз\PycharmProjects\metallurg_production\.venv\Lib\site-packages\pandas\util\_print_versions.py first seen with mtime 1744484130.7138958
DEBUG 2025-05-08 17:06:18,222 autoreload 7104 25060 File C:\Users\Нияз\PycharmProjects\metallurg_production\.venv\Lib\site-packages\pandas\core\interchange\utils.py first seen with mtime 1744484128.4329987
DEBUG 2025-05-08 17:06:18,222 autoreload 7104 25060 File C:\Users\Нияз\PycharmProjects\metallurg_production\.venv\Lib\site-packages\pandas\compat\_constants.py first seen with mtime 1744484128.145672
DEBUG 2025-05-08 17:06:18,222 autoreload 7104 25060 File C:\Users\Нияз\PycharmProjects\metallurg_production\.venv\Lib\site-packages\numpy\_typing\_ufunc.py first seen with mtime 1744484117.703181
DEBUG 2025-05-08 17:06:18,222 autoreload 7104 25060 File C:\Users\Нияз\PycharmProjects\metallurg_production\.venv\Lib\site-packages\django\contrib\contenttypes\admin.py first seen with mtime 1744465209.6480615
DEBUG 2025-05-08 17:06:18,223 autoreload 7104 25060 File C:\Users\Нияз\PycharmProjects\metallurg_production\.venv\Lib\site-packages\django\forms\boundfield.py first seen with mtime 1744465212.3799284
DEBUG 2025-05-08 17:06:18,223 autoreload 7104 25060 File C:\Users\Нияз\AppData\Local\Programs\Python\Python312\Lib\wsgiref\util.py first seen with mtime 1712656218.0
DEBUG 2025-05-08 17:06:18,223 autoreload 7104 25060 File C:\Users\Нияз\PycharmProjects\metallurg_production\.venv\Lib\site-packages\django\template\loaders\cached.py first seen with mtime 1744465212.5250897
DEBUG 2025-05-08 17:06:18,223 autoreload 7104 25060 File C:\Users\Нияз\PycharmProjects\metallurg_production\.venv\Lib\site-packages\django\views\decorators\cache.py first seen with mtime 1744465212.5968852
DEBUG 2025-05-08 17:06:18,224 autoreload 7104 25060 File C:\Users\Нияз\PycharmProjects\metallurg_production\.venv\Lib\site-packages\pandas\core\reshape\encoding.py first seen with mtime 1744484128.4770784
DEBUG 2025-05-08 17:06:18,224 autoreload 7104 25060 File C:\Users\Нияз\AppData\Local\Programs\Python\Python312\Lib\email\parser.py first seen with mtime 1712656218.0
DEBUG 2025-05-08 17:06:18,225 autoreload 7104 25060 File C:\Users\Нияз\PycharmProjects\metallurg_production\.venv\Lib\site-packages\django\views\decorators\csrf.py first seen with mtime 1744465212.6002524
DEBUG 2025-05-08 17:06:18,225 autoreload 7104 25060 File C:\Users\Нияз\PycharmProjects\metallurg_production\.venv\Lib\site-packages\pandas\io\parsers\python_parser.py first seen with mtime 1744484128.6347287
DEBUG 2025-05-08 17:06:18,225 autoreload 7104 25060 File C:\Users\Нияз\PycharmProjects\metallurg_production\.venv\Lib\site-packages\numpy\_typing\_nbit_base.py first seen with mtime 1744484117.703181
DEBUG 2025-05-08 17:06:18,225 autoreload 7104 25060 File C:\Users\Нияз\PycharmProjects\metallurg_production\.venv\Lib\site-packages\django\db\models\fields\composite.py first seen with mtime 1744465212.345841
DEBUG 2025-05-08 17:06:18,226 autoreload 7104 25060 File C:\Users\Нияз\PycharmProjects\metallurg_production\.venv\Lib\site-packages\django\core\wsgi.py first seen with mtime 1744465212.1405118
DEBUG 2025-05-08 17:06:18,226 autoreload 7104 25060 File C:\Users\Нияз\AppData\Local\Programs\Python\Python312\Lib\re\_parser.py first seen with mtime 1712656218.0
DEBUG 2025-05-08 17:06:18,226 autoreload 7104 25060 File C:\Users\Нияз\PycharmProjects\metallurg_production\.venv\Lib\site-packages\django\template\utils.py first seen with mtime 1744465212.5163207
DEBUG 2025-05-08 17:06:18,226 autoreload 7104 25060 File C:\Users\Нияз\PycharmProjects\metallurg_production\.venv\Lib\site-packages\django\views\decorators\__init__.py first seen with mtime 1744465212.595884
DEBUG 2025-05-08 17:06:18,227 autoreload 7104 25060 File C:\Users\Нияз\PycharmProjects\metallurg_production\.venv\Lib\site-packages\numpy\_core\function_base.py first seen with mtime 1744484117.5138824
DEBUG 2025-05-08 17:06:18,227 autoreload 7104 25060 File C:\Users\Нияз\PycharmProjects\metallurg_production\.venv\Lib\site-packages\django\db\__init__.py first seen with mtime 1744465212.2433262
DEBUG 2025-05-08 17:06:18,227 autoreload 7104 25060 File C:\Users\Нияз\AppData\Local\Programs\Python\Python312\Lib\encodings\__init__.py first seen with mtime 1712656218.0
DEBUG 2025-05-08 17:06:18,228 autoreload 7104 25060 File C:\Users\Нияз\AppData\Local\Programs\Python\Python312\Lib\pickle.py first seen with mtime 1712656218.0
DEBUG 2025-05-08 17:06:18,228 autoreload 7104 25060 File C:\Users\Нияз\PycharmProjects\metallurg_production\.venv\Lib\site-packages\pandas\_libs\tslibs\timezones.cp312-win_amd64.pyd first seen with mtime 1744484130.9965868
DEBUG 2025-05-08 17:06:18,229 autoreload 7104 25060 File C:\Users\Нияз\AppData\Local\Programs\Python\Python312\Lib\asyncio\tasks.py first seen with mtime 1712656218.0
DEBUG 2025-05-08 17:06:18,229 autoreload 7104 25060 File C:\Users\Нияз\AppData\Local\Programs\Python\Python312\Lib\_weakrefset.py first seen with mtime 1712656218.0
DEBUG 2025-05-08 17:06:18,229 autoreload 7104 25060 File C:\Users\Нияз\PycharmProjects\metallurg_production\.venv\Lib\site-packages\pandas\core\array_algos\__init__.py first seen with mtime 1744484128.3296535
DEBUG 2025-05-08 17:06:18,230 autoreload 7104 25060 File C:\Users\Нияз\AppData\Local\Programs\Python\Python312\Lib\email\mime\nonmultipart.py first seen with mtime 1712656218.0
DEBUG 2025-05-08 17:06:18,230 autoreload 7104 25060 File C:\Users\Нияз\PycharmProjects\metallurg_production\.venv\Lib\site-packages\django\core\exceptions.py first seen with mtime 1744465212.1324978
DEBUG 2025-05-08 17:06:18,230 autoreload 7104 25060 File C:\Users\Нияз\PycharmProjects\metallurg_production\.venv\Lib\site-packages\numpy\_array_api_info.py first seen with mtime 1744484117.041396
DEBUG 2025-05-08 17:06:18,230 autoreload 7104 25060 File C:\Users\Нияз\PycharmProjects\metallurg_production\.venv\Lib\site-packages\dateutil\tz\_factories.py first seen with mtime 1744484127.565229
DEBUG 2025-05-08 17:06:18,231 autoreload 7104 25060 File C:\Users\Нияз\PycharmProjects\metallurg_production\.venv\Lib\site-packages\django\apps\__init__.py first seen with mtime 1744465208.13033
DEBUG 2025-05-08 17:06:18,231 autoreload 7104 25060 File C:\Users\Нияз\PycharmProjects\metallurg_production\.venv\Lib\site-packages\django\utils\lorem_ipsum.py first seen with mtime 1744465212.5740123
DEBUG 2025-05-08 17:06:18,231 autoreload 7104 25060 File C:\Users\Нияз\PycharmProjects\metallurg_production\.venv\Lib\site-packages\pandas\core\ops\array_ops.py first seen with mtime 1744484128.459548
DEBUG 2025-05-08 17:06:18,231 autoreload 7104 25060 File C:\Users\Нияз\PycharmProjects\metallurg_production\.venv\Lib\site-packages\sqlparse\filters\__init__.py first seen with mtime 1744465207.3471153
DEBUG 2025-05-08 17:06:18,232 autoreload 7104 25060 File C:\Users\Нияз\PycharmProjects\metallurg_production\.venv\Lib\site-packages\pandas\core\ops\invalid.py first seen with mtime 1744484128.4662242
DEBUG 2025-05-08 17:06:18,232 autoreload 7104 25060 File C:\Users\Нияз\AppData\Local\Programs\Python\Python312\Lib\threading.py first seen with mtime 1712656218.0
DEBUG 2025-05-08 17:06:18,232 autoreload 7104 25060 File C:\Users\Нияз\AppData\Local\Programs\Python\Python312\Lib\email\_parseaddr.py first seen with mtime 1712656218.0
DEBUG 2025-05-08 17:06:18,232 autoreload 7104 25060 File C:\Users\Нияз\PycharmProjects\metallurg_production\.venv\Lib\site-packages\django\db\models\constants.py first seen with mtime 1744465212.329098
DEBUG 2025-05-08 17:06:18,233 autoreload 7104 25060 File C:\Users\Нияз\PycharmProjects\metallurg_production\.venv\Lib\site-packages\pandas\io\__init__.py first seen with mtime 1744484128.5616913
DEBUG 2025-05-08 17:06:18,233 autoreload 7104 25060 File C:\Users\Нияз\PycharmProjects\metallurg_production\.venv\Lib\site-packages\django\__init__.py first seen with mtime 1744465208.126345
DEBUG 2025-05-08 17:06:18,233 autoreload 7104 25060 File C:\Users\Нияз\PycharmProjects\metallurg_production\.venv\Lib\site-packages\pandas\core\indexes\datetimes.py first seen with mtime 1744484128.4093263
DEBUG 2025-05-08 17:06:18,234 autoreload 7104 25060 File C:\Users\Нияз\PycharmProjects\metallurg_production\.venv\Lib\site-packages\pandas\core\groupby\grouper.py first seen with mtime 1744484128.3749974
DEBUG 2025-05-08 17:06:18,234 autoreload 7104 25060 File C:\Users\Нияз\PycharmProjects\metallurg_production\.venv\Lib\site-packages\pandas\core\arrays\period.py first seen with mtime 1744484128.2539241
DEBUG 2025-05-08 17:06:18,234 autoreload 7104 25060 File C:\Users\Нияз\AppData\Local\Programs\Python\Python312\Lib\pathlib.py first seen with mtime 1712656218.0
DEBUG 2025-05-08 17:06:18,234 autoreload 7104 25060 File C:\Users\Нияз\PycharmProjects\metallurg_production\.venv\Lib\site-packages\numpy\_expired_attrs_2_0.py first seen with mtime 1744484117.041396
DEBUG 2025-05-08 17:06:18,235 autoreload 7104 25060 File C:\Users\Нияз\PycharmProjects\metallurg_production\.venv\Lib\site-packages\pandas\core\ops\missing.py first seen with mtime 1744484128.4688618
DEBUG 2025-05-08 17:06:18,235 autoreload 7104 25060 File C:\Users\Нияз\PycharmProjects\metallurg_production\.venv\Lib\site-packages\pandas\core\indexes\extension.py first seen with mtime 1744484128.4104886
DEBUG 2025-05-08 17:06:18,235 autoreload 7104 25060 File C:\Users\Нияз\AppData\Local\Programs\Python\Python312\Lib\difflib.py first seen with mtime 1712656218.0
DEBUG 2025-05-08 17:06:18,236 autoreload 7104 25060 File C:\Users\Нияз\PycharmProjects\metallurg_production\.venv\Lib\site-packages\django\template\defaulttags.py first seen with mtime 1744465212.5082648
DEBUG 2025-05-08 17:06:18,236 autoreload 7104 25060 File C:\Users\Нияз\PycharmProjects\metallurg_production\.venv\Lib\site-packages\pandas\core\array_algos\transforms.py first seen with mtime 1744484128.327646
DEBUG 2025-05-08 17:06:18,236 autoreload 7104 25060 File C:\Users\Нияз\PycharmProjects\metallurg_production\.venv\Lib\site-packages\django\contrib\auth\__init__.py first seen with mtime 1744465209.3928597
DEBUG 2025-05-08 17:06:18,236 autoreload 7104 25060 File C:\Users\Нияз\PycharmProjects\metallurg_production\.venv\Lib\site-packages\pandas\core\internals\array_manager.py first seen with mtime 1744484128.43828
DEBUG 2025-05-08 17:06:18,237 autoreload 7104 25060 File C:\Users\Нияз\PycharmProjects\metallurg_production\.venv\Lib\site-packages\django\db\models\fields\__init__.py first seen with mtime 1744465212.344436
DEBUG 2025-05-08 17:06:18,237 autoreload 7104 25060 File C:\Users\Нияз\PycharmProjects\metallurg_production\.venv\Lib\site-packages\django\db\models\sql\compiler.py first seen with mtime 1744465212.3680346
DEBUG 2025-05-08 17:06:18,237 autoreload 7104 25060 File C:\Users\Нияз\AppData\Local\Programs\Python\Python312\Lib\asyncio\exceptions.py first seen with mtime 1712656218.0
DEBUG 2025-05-08 17:06:18,238 autoreload 7104 25060 File C:\Users\Нияз\PycharmProjects\metallurg_production\.venv\Lib\site-packages\numpy\_typing\__init__.py first seen with mtime 1744484117.703181
DEBUG 2025-05-08 17:06:18,238 autoreload 7104 25060 File C:\Users\Нияз\PycharmProjects\metallurg_production\.venv\Lib\site-packages\numpy\_typing\_nbit.py first seen with mtime 1744484117.703181
DEBUG 2025-05-08 17:06:18,238 autoreload 7104 25060 File C:\Users\Нияз\PycharmProjects\metallurg_production\.venv\Lib\site-packages\pandas\core\arrays\sparse\accessor.py first seen with mtime 1744484128.2970622
DEBUG 2025-05-08 17:06:18,238 autoreload 7104 25060 File C:\Users\Нияз\PycharmProjects\metallurg_production\.venv\Lib\site-packages\pandas\io\orc.py first seen with mtime 1744484128.5520818
DEBUG 2025-05-08 17:06:18,239 autoreload 7104 25060 File C:\Users\Нияз\AppData\Local\Programs\Python\Python312\Lib\textwrap.py first seen with mtime 1712656218.0
DEBUG 2025-05-08 17:06:18,240 autoreload 7104 25060 File C:\Users\Нияз\PycharmProjects\metallurg_production\.venv\Lib\site-packages\django\core\files\utils.py first seen with mtime 1744465212.1789727
DEBUG 2025-05-08 17:06:18,241 autoreload 7104 25060 File C:\Users\Нияз\PycharmProjects\metallurg_production\.venv\Lib\site-packages\django\db\models\sql\datastructures.py first seen with mtime 1744465212.3701913
DEBUG 2025-05-08 17:06:18,241 autoreload 7104 25060 File C:\Users\Нияз\PycharmProjects\metallurg_production\.venv\Lib\site-packages\pandas\core\indexers\__init__.py first seen with mtime 1744484128.3968225
DEBUG 2025-05-08 17:06:18,241 autoreload 7104 25060 File C:\Users\Нияз\PycharmProjects\metallurg_production\.venv\Lib\site-packages\django\db\models\options.py first seen with mtime 1744465212.3372042
DEBUG 2025-05-08 17:06:18,242 autoreload 7104 25060 File C:\Users\Нияз\PycharmProjects\metallurg_production\.venv\Lib\site-packages\django\core\checks\urls.py first seen with mtime 1744465212.1658773
DEBUG 2025-05-08 17:06:18,242 autoreload 7104 25060 File C:\Users\Нияз\PycharmProjects\metallurg_production\.venv\Lib\site-packages\pandas\core\indexes\period.py first seen with mtime 1744484128.417155
DEBUG 2025-05-08 17:06:18,242 autoreload 7104 25060 File C:\Users\Нияз\PycharmProjects\metallurg_production\.venv\Lib\site-packages\pandas\util\_decorators.py first seen with mtime 1744484130.709541
DEBUG 2025-05-08 17:06:18,242 autoreload 7104 25060 File C:\Users\Нияз\PycharmProjects\metallurg_production\production_plan\apps.py first seen with mtime 1744467329.4212153
DEBUG 2025-05-08 17:06:18,243 autoreload 7104 25060 File C:\Users\Нияз\PycharmProjects\metallurg_production\.venv\Lib\site-packages\django\utils\hashable.py first seen with mtime 1744465212.5656252
DEBUG 2025-05-08 17:06:18,243 autoreload 7104 25060 File C:\Users\Нияз\PycharmProjects\metallurg_production\.venv\Lib\site-packages\django\contrib\admin\__init__.py first seen with mtime 1744465208.514886
DEBUG 2025-05-08 17:06:18,243 autoreload 7104 25060 File C:\Users\Нияз\PycharmProjects\metallurg_production\.venv\Lib\site-packages\pandas\_libs\hashing.cp312-win_amd64.pyd first seen with mtime 1744484130.7852776
DEBUG 2025-05-08 17:06:18,243 autoreload 7104 25060 File C:\Users\Нияз\PycharmProjects\metallurg_production\.venv\Lib\site-packages\numpy\ma\extras.py first seen with mtime 1744484117.2942376
DEBUG 2025-05-08 17:06:18,243 autoreload 7104 25060 File C:\Users\Нияз\PycharmProjects\metallurg_production\.venv\Lib\site-packages\django\contrib\admin\filters.py first seen with mtime 1744465208.5193324
DEBUG 2025-05-08 17:06:18,245 autoreload 7104 25060 File C:\Users\Нияз\PycharmProjects\metallurg_production\.venv\Lib\site-packages\dateutil\tz\win.py first seen with mtime 1744484127.5672307
DEBUG 2025-05-08 17:06:18,245 autoreload 7104 25060 File C:\Users\Нияз\AppData\Local\Programs\Python\Python312\Lib\_compression.py first seen with mtime 1712656218.0
DEBUG 2025-05-08 17:06:18,245 autoreload 7104 25060 File C:\Users\Нияз\PycharmProjects\metallurg_production\production_plan\urls.py first seen with mtime 1746703140.986469
DEBUG 2025-05-08 17:06:18,245 autoreload 7104 25060 File C:\Users\Нияз\PycharmProjects\metallurg_production\.venv\Lib\site-packages\django\template\loaders\__init__.py first seen with mtime 1744465212.5224397
DEBUG 2025-05-08 17:06:18,246 autoreload 7104 25060 File C:\Users\Нияз\AppData\Local\Programs\Python\Python312\Lib\asyncio\transports.py first seen with mtime 1712656218.0
DEBUG 2025-05-08 17:06:18,246 autoreload 7104 25060 File C:\Users\Нияз\PycharmProjects\metallurg_production\.venv\Lib\site-packages\pandas\_libs\hashtable.cp312-win_amd64.pyd first seen with mtime 1744484130.8011653
DEBUG 2025-05-08 17:06:18,246 autoreload 7104 25060 File C:\Users\Нияз\PycharmProjects\metallurg_production\.venv\Lib\site-packages\pandas\errors\__init__.py first seen with mtime 1744484128.540739
DEBUG 2025-05-08 17:06:18,246 autoreload 7104 25060 File C:\Users\Нияз\PycharmProjects\metallurg_production\.venv\Lib\site-packages\numpy\_globals.py first seen with mtime 1744484117.041396
DEBUG 2025-05-08 17:06:18,247 autoreload 7104 25060 File C:\Users\Нияз\PycharmProjects\metallurg_production\.venv\Lib\site-packages\django\db\models\sql\query.py first seen with mtime 1744465212.372206
DEBUG 2025-05-08 17:06:18,247 autoreload 7104 25060 File C:\Users\Нияз\PycharmProjects\metallurg_production\.venv\Lib\site-packages\django\contrib\sessions\__init__.py first seen with mtime 1744465211.421844
DEBUG 2025-05-08 17:06:18,247 autoreload 7104 25060 File C:\Users\Нияз\PycharmProjects\metallurg_production\.venv\Lib\site-packages\django\conf\urls\__init__.py first seen with mtime 1744465208.5103562
DEBUG 2025-05-08 17:06:18,248 autoreload 7104 25060 File C:\Users\Нияз\PycharmProjects\metallurg_production\.venv\Lib\site-packages\pandas\core\arrays\string_.py first seen with mtime 1744484128.2550461
DEBUG 2025-05-08 17:06:18,248 autoreload 7104 25060 File C:\Users\Нияз\PycharmProjects\metallurg_production\.venv\Lib\site-packages\django\contrib\sessions\base_session.py first seen with mtime 1744465211.424723
DEBUG 2025-05-08 17:06:18,248 autoreload 7104 25060 File C:\Users\Нияз\PycharmProjects\metallurg_production\.venv\Lib\site-packages\crispy_forms\templatetags\crispy_forms_utils.py first seen with mtime 1746193173.1267745
DEBUG 2025-05-08 17:06:18,248 autoreload 7104 25060 File C:\Users\Нияз\PycharmProjects\metallurg_production\.venv\Lib\site-packages\django\middleware\security.py first seen with mtime 1744465212.498048
DEBUG 2025-05-08 17:06:18,249 autoreload 7104 25060 File C:\Users\Нияз\PycharmProjects\metallurg_production\.venv\Lib\site-packages\numpy\__config__.py first seen with mtime 1744484117.041396
DEBUG 2025-05-08 17:06:18,249 autoreload 7104 25060 File C:\Users\Нияз\PycharmProjects\metallurg_production\.venv\Lib\site-packages\sqlparse\sql.py first seen with mtime 1744465207.3419578
DEBUG 2025-05-08 17:06:18,249 autoreload 7104 25060 File C:\Users\Нияз\AppData\Local\Programs\Python\Python312\Lib\json\__init__.py first seen with mtime 1712656218.0
DEBUG 2025-05-08 17:06:18,250 autoreload 7104 25060 File C:\Users\Нияз\PycharmProjects\metallurg_production\.venv\Lib\site-packages\sqlparse\tokens.py first seen with mtime 1744465207.3429565
DEBUG 2025-05-08 17:06:18,250 autoreload 7104 25060 File C:\Users\Нияз\PycharmProjects\metallurg_production\.venv\Lib\site-packages\django\contrib\messages\middleware.py first seen with mtime 1744465210.7384658
DEBUG 2025-05-08 17:06:18,250 autoreload 7104 25060 File C:\Users\Нияз\PycharmProjects\metallurg_production\.venv\Lib\site-packages\pandas\core\array_algos\take.py first seen with mtime 1744484128.3231225
DEBUG 2025-05-08 17:06:18,250 autoreload 7104 25060 File C:\Users\Нияз\PycharmProjects\metallurg_production\.venv\Lib\site-packages\pandas\core\indexes\api.py first seen with mtime 1744484128.4015386
DEBUG 2025-05-08 17:06:18,251 autoreload 7104 25060 File C:\Users\Нияз\PycharmProjects\metallurg_production\.venv\Lib\site-packages\pandas\core\sample.py first seen with mtime 1744484128.2044168
DEBUG 2025-05-08 17:06:18,251 autoreload 7104 25060 File C:\Users\Нияз\PycharmProjects\metallurg_production\.venv\Lib\site-packages\pandas\_libs\tslibs\__init__.py first seen with mtime 1744484131.0051043
DEBUG 2025-05-08 17:06:18,251 autoreload 7104 25060 File C:\Users\Нияз\AppData\Local\Programs\Python\Python312\Lib\linecache.py first seen with mtime 1712656218.0
DEBUG 2025-05-08 17:06:18,251 autoreload 7104 25060 File C:\Users\Нияз\PycharmProjects\metallurg_production\.venv\Lib\site-packages\django\core\management\__init__.py first seen with mtime 1744465212.2008183
DEBUG 2025-05-08 17:06:18,252 autoreload 7104 25060 File C:\Users\Нияз\PycharmProjects\metallurg_production\.venv\Lib\site-packages\crispy_forms\utils.py first seen with mtime 1746193173.122776
DEBUG 2025-05-08 17:06:18,252 autoreload 7104 25060 File C:\Users\Нияз\AppData\Local\Programs\Python\Python312\Lib\zoneinfo\_tzpath.py first seen with mtime 1712656218.0
DEBUG 2025-05-08 17:06:18,252 autoreload 7104 25060 File C:\Users\Нияз\PycharmProjects\metallurg_production\.venv\Lib\site-packages\django\db\backends\postgresql\creation.py first seen with mtime 1744465212.287364
DEBUG 2025-05-08 17:06:18,252 autoreload 7104 25060 File C:\Users\Нияз\PycharmProjects\metallurg_production\.venv\Lib\site-packages\django\core\__init__.py first seen with mtime 1744465212.129505
DEBUG 2025-05-08 17:06:18,252 autoreload 7104 25060 File C:\Users\Нияз\PycharmProjects\metallurg_production\.venv\Lib\site-packages\numpy\_core\getlimits.py first seen with mtime 1744484117.5138824
DEBUG 2025-05-08 17:06:18,253 autoreload 7104 25060 File C:\Users\Нияз\PycharmProjects\metallurg_production\.venv\Lib\site-packages\django\utils\connection.py first seen with mtime 1744465212.5525885
DEBUG 2025-05-08 17:06:18,253 autoreload 7104 25060 File C:\Users\Нияз\PycharmProjects\metallurg_production\.venv\Lib\site-packages\pandas\core\groupby\ops.py first seen with mtime 1744484128.3874025
DEBUG 2025-05-08 17:06:18,253 autoreload 7104 25060 File C:\Users\Нияз\PycharmProjects\metallurg_production\.venv\Lib\site-packages\pandas\_libs\tslibs\conversion.cp312-win_amd64.pyd first seen with mtime 1744484130.9363544
DEBUG 2025-05-08 17:06:18,253 autoreload 7104 25060 File C:\Users\Нияз\PycharmProjects\metallurg_production\.venv\Lib\site-packages\numpy\lib\_ufunclike_impl.py first seen with mtime 1744484117.2467291
DEBUG 2025-05-08 17:06:18,253 autoreload 7104 25060 File C:\Users\Нияз\PycharmProjects\metallurg_production\.venv\Lib\site-packages\django\contrib\admin\templatetags\base.py first seen with mtime 1744465209.1355984
DEBUG 2025-05-08 17:06:18,253 autoreload 7104 25060 File C:\Users\Нияз\AppData\Local\Programs\Python\Python312\Lib\asyncio\streams.py first seen with mtime 1712656218.0
DEBUG 2025-05-08 17:06:18,254 autoreload 7104 25060 File C:\Users\Нияз\PycharmProjects\metallurg_production\.venv\Lib\site-packages\pandas\core\arrays\_mixins.py first seen with mtime 1744484128.2672203
DEBUG 2025-05-08 17:06:18,255 autoreload 7104 25060 File C:\Users\Нияз\PycharmProjects\metallurg_production\.venv\Lib\site-packages\pandas\api\typing\__init__.py first seen with mtime 1744484128.1321094
DEBUG 2025-05-08 17:06:18,255 autoreload 7104 25060 File C:\Users\Нияз\PycharmProjects\metallurg_production\.venv\Lib\site-packages\pandas\core\indexes\timedeltas.py first seen with mtime 1744484128.4205365
DEBUG 2025-05-08 17:06:18,255 autoreload 7104 25060 File C:\Users\Нияз\PycharmProjects\metallurg_production\.venv\Lib\site-packages\django\contrib\contenttypes\__init__.py first seen with mtime 1744465209.6465664
DEBUG 2025-05-08 17:06:18,256 autoreload 7104 25060 File C:\Users\Нияз\PycharmProjects\metallurg_production\.venv\Lib\site-packages\numpy\_core\records.py first seen with mtime 1744484117.531263
DEBUG 2025-05-08 17:06:18,256 autoreload 7104 25060 File C:\Users\Нияз\AppData\Local\Programs\Python\Python312\Lib\bisect.py first seen with mtime 1712656218.0
DEBUG 2025-05-08 17:06:18,256 autoreload 7104 25060 File C:\Users\Нияз\PycharmProjects\metallurg_production\.venv\Lib\site-packages\crispy_forms\exceptions.py first seen with mtime 1746193173.1207829
DEBUG 2025-05-08 17:06:18,256 autoreload 7104 25060 File C:\Users\Нияз\PycharmProjects\metallurg_production\.venv\Lib\site-packages\django\contrib\contenttypes\forms.py first seen with mtime 1744465209.6511774
DEBUG 2025-05-08 17:06:18,257 autoreload 7104 25060 File C:\Users\Нияз\PycharmProjects\metallurg_production\.venv\Lib\site-packages\numpy\_utils\__init__.py first seen with mtime 1744484117.7189858
DEBUG 2025-05-08 17:06:18,257 autoreload 7104 25060 File C:\Users\Нияз\PycharmProjects\metallurg_production\.venv\Lib\site-packages\django\db\models\sql\subqueries.py first seen with mtime 1744465212.3732057
DEBUG 2025-05-08 17:06:18,257 autoreload 7104 25060 File C:\Users\Нияз\PycharmProjects\metallurg_production\.venv\Lib\site-packages\django\utils\regex_helper.py first seen with mtime 1744465212.576023
DEBUG 2025-05-08 17:06:18,257 autoreload 7104 25060 File C:\Users\Нияз\PycharmProjects\metallurg_production\.venv\Lib\site-packages\pandas\core\tools\__init__.py first seen with mtime 1744484128.5048904
DEBUG 2025-05-08 17:06:18,257 autoreload 7104 25060 File C:\Users\Нияз\PycharmProjects\metallurg_production\users\apps.py first seen with mtime 1744466625.140816
DEBUG 2025-05-08 17:06:18,257 autoreload 7104 25060 File C:\Users\Нияз\PycharmProjects\metallurg_production\.venv\Lib\site-packages\django\contrib\admin\views\autocomplete.py first seen with mtime 1744465209.1379635
DEBUG 2025-05-08 17:06:18,258 autoreload 7104 25060 File C:\Users\Нияз\PycharmProjects\metallurg_production\.venv\Lib\site-packages\dateutil\parser\_parser.py first seen with mtime 1744484127.5592341
DEBUG 2025-05-08 17:06:18,258 autoreload 7104 25060 File C:\Users\Нияз\PycharmProjects\metallurg_production\.venv\Lib\site-packages\django\conf\locale\__init__.py first seen with mtime 1744465208.1419687
DEBUG 2025-05-08 17:06:18,258 autoreload 7104 25060 File C:\Users\Нияз\PycharmProjects\metallurg_production\shift_assignment\models.py first seen with mtime 1746564324.1048994
DEBUG 2025-05-08 17:06:18,258 autoreload 7104 25060 File C:\Users\Нияз\PycharmProjects\metallurg_production\.venv\Lib\site-packages\numpy\_core\fromnumeric.py first seen with mtime 1744484117.5138824
DEBUG 2025-05-08 17:06:18,259 autoreload 7104 25060 File C:\Users\Нияз\PycharmProjects\metallurg_production\.venv\Lib\site-packages\django\template\loaders\base.py first seen with mtime 1744465212.5237641
DEBUG 2025-05-08 17:06:18,259 autoreload 7104 25060 File C:\Users\Нияз\PycharmProjects\metallurg_production\.venv\Lib\site-packages\pandas\core\groupby\groupby.py first seen with mtime 1744484128.3749974
DEBUG 2025-05-08 17:06:18,259 autoreload 7104 25060 File C:\Users\Нияз\PycharmProjects\metallurg_production\.venv\Lib\site-packages\pandas\core\tools\numeric.py first seen with mtime 1744484128.5048904
DEBUG 2025-05-08 17:06:18,259 autoreload 7104 25060 File C:\Users\Нияз\AppData\Local\Programs\Python\Python312\Lib\email\policy.py first seen with mtime 1712656218.0
DEBUG 2025-05-08 17:06:18,259 autoreload 7104 25060 File C:\Users\Нияз\AppData\Local\Programs\Python\Python312\Lib\ast.py first seen with mtime 1712656218.0
DEBUG 2025-05-08 17:06:18,261 autoreload 7104 25060 File C:\Users\Нияз\PycharmProjects\metallurg_production\.venv\Lib\site-packages\numpy\_typing\_shape.py first seen with mtime 1744484117.703181
DEBUG 2025-05-08 17:06:18,261 autoreload 7104 25060 File C:\Users\Нияз\PycharmProjects\metallurg_production\.venv\Lib\site-packages\pandas\io\formats\info.py first seen with mtime 1744484128.596288
DEBUG 2025-05-08 17:06:18,261 autoreload 7104 25060 File C:\Users\Нияз\PycharmProjects\metallurg_production\.venv\Lib\site-packages\pandas\io\pytables.py first seen with mtime 1744484128.5572832
DEBUG 2025-05-08 17:06:18,261 autoreload 7104 25060 File C:\Users\Нияз\PycharmProjects\metallurg_production\.venv\Lib\site-packages\django\utils\__init__.py first seen with mtime 1744465212.546736
DEBUG 2025-05-08 17:06:18,262 autoreload 7104 25060 File C:\Users\Нияз\PycharmProjects\metallurg_production\.venv\Lib\site-packages\dateutil\_version.py first seen with mtime 1744484127.5483694
DEBUG 2025-05-08 17:06:18,262 autoreload 7104 25060 File C:\Users\Нияз\PycharmProjects\metallurg_production\.venv\Lib\site-packages\django\utils\module_loading.py first seen with mtime 1744465212.5750234
DEBUG 2025-05-08 17:06:18,262 autoreload 7104 25060 File C:\Users\Нияз\PycharmProjects\metallurg_production\.venv\Lib\site-packages\django\views\defaults.py first seen with mtime 1744465212.5928822
DEBUG 2025-05-08 17:06:18,262 autoreload 7104 25060 File C:\Users\Нияз\PycharmProjects\metallurg_production\.venv\Lib\site-packages\django\utils\dates.py first seen with mtime 1744465212.5576222
DEBUG 2025-05-08 17:06:18,263 autoreload 7104 25060 File C:\Users\Нияз\PycharmProjects\metallurg_production\.venv\Lib\site-packages\django\core\checks\security\csrf.py first seen with mtime 1744465212.1689532
DEBUG 2025-05-08 17:06:18,263 autoreload 7104 25060 File C:\Users\Нияз\PycharmProjects\metallurg_production\.venv\Lib\site-packages\pandas\core\arrays\sparse\array.py first seen with mtime 1744484128.2970622
DEBUG 2025-05-08 17:06:18,263 autoreload 7104 25060 File C:\Users\Нияз\PycharmProjects\metallurg_production\.venv\Lib\site-packages\django\core\files\storage\handler.py first seen with mtime 1744465212.1834836
DEBUG 2025-05-08 17:06:18,263 autoreload 7104 25060 File C:\Users\Нияз\AppData\Local\Programs\Python\Python312\Lib\copy.py first seen with mtime 1712656218.0
DEBUG 2025-05-08 17:06:18,264 autoreload 7104 25060 File C:\Users\Нияз\AppData\Local\Programs\Python\Python312\Lib\asyncio\mixins.py first seen with mtime 1712656218.0
DEBUG 2025-05-08 17:06:18,264 autoreload 7104 25060 File C:\Users\Нияз\PycharmProjects\metallurg_production\.venv\Lib\site-packages\django\contrib\staticfiles\checks.py first seen with mtime 1744465212.1067827
DEBUG 2025-05-08 17:06:18,264 autoreload 7104 25060 File C:\Users\Нияз\PycharmProjects\metallurg_production\.venv\Lib\site-packages\pandas\core\arrays\numeric.py first seen with mtime 1744484128.2464867
DEBUG 2025-05-08 17:06:18,264 autoreload 7104 25060 File C:\Users\Нияз\PycharmProjects\metallurg_production\.venv\Lib\site-packages\pandas\core\arrays\sparse\__init__.py first seen with mtime 1744484128.3048496
DEBUG 2025-05-08 17:06:18,264 autoreload 7104 25060 File C:\Users\Нияз\PycharmProjects\metallurg_production\.venv\Lib\site-packages\django\contrib\messages\apps.py first seen with mtime 1744465210.7364628
DEBUG 2025-05-08 17:06:18,264 autoreload 7104 25060 File C:\Users\Нияз\PycharmProjects\metallurg_production\.venv\Lib\site-packages\django\template\loaders\app_directories.py first seen with mtime 1744465212.5237641
DEBUG 2025-05-08 17:06:18,265 autoreload 7104 25060 File C:\Users\Нияз\AppData\Local\Programs\Python\Python312\Lib\asyncio\base_futures.py first seen with mtime 1712656218.0
DEBUG 2025-05-08 17:06:18,265 autoreload 7104 25060 File C:\Users\Нияз\PycharmProjects\metallurg_production\.venv\Lib\site-packages\django\utils\numberformat.py first seen with mtime 1744465212.576023
DEBUG 2025-05-08 17:06:18,265 autoreload 7104 25060 File C:\Users\Нияз\PycharmProjects\metallurg_production\.venv\Lib\site-packages\numpy\_core\__init__.py first seen with mtime 1744484117.5946574
DEBUG 2025-05-08 17:06:18,265 autoreload 7104 25060 File C:\Users\Нияз\PycharmProjects\metallurg_production\.venv\Lib\site-packages\numpy\_core\arrayprint.py first seen with mtime 1744484117.5138824
DEBUG 2025-05-08 17:06:18,266 autoreload 7104 25060 File C:\Users\Нияз\PycharmProjects\metallurg_production\.venv\Lib\site-packages\pandas\_libs\lib.cp312-win_amd64.pyd first seen with mtime 1744484130.866771
DEBUG 2025-05-08 17:06:18,266 autoreload 7104 25060 File C:\Users\Нияз\PycharmProjects\metallurg_production\.venv\Lib\site-packages\django\views\generic\detail.py first seen with mtime 1744465212.608636
DEBUG 2025-05-08 17:06:18,266 autoreload 7104 25060 File C:\Users\Нияз\PycharmProjects\metallurg_production\.venv\Lib\site-packages\pandas\core\computation\ops.py first seen with mtime 1744484128.344579
DEBUG 2025-05-08 17:06:18,266 autoreload 7104 25060 File C:\Users\Нияз\PycharmProjects\metallurg_production\users\views.py first seen with mtime 1746624048.1955342
DEBUG 2025-05-08 17:06:18,267 autoreload 7104 25060 File C:\Users\Нияз\PycharmProjects\metallurg_production\.venv\Lib\site-packages\django\middleware\clickjacking.py first seen with mtime 1744465212.489667
DEBUG 2025-05-08 17:06:18,267 autoreload 7104 25060 File C:\Users\Нияз\PycharmProjects\metallurg_production\.venv\Lib\site-packages\numpy\lib\mixins.py first seen with mtime 1744484117.2151923
DEBUG 2025-05-08 17:06:18,267 autoreload 7104 25060 File C:\Users\Нияз\PycharmProjects\metallurg_production\.venv\Lib\site-packages\pandas\io\common.py first seen with mtime 1744484128.546288
DEBUG 2025-05-08 17:06:18,267 autoreload 7104 25060 File C:\Users\Нияз\PycharmProjects\metallurg_production\.venv\Lib\site-packages\django\db\models\functions\window.py first seen with mtime 1744465212.3657591
DEBUG 2025-05-08 17:06:18,268 autoreload 7104 25060 File C:\Users\Нияз\PycharmProjects\metallurg_production\.venv\Lib\site-packages\pandas\core\internals\construction.py first seen with mtime 1744484128.4456236
DEBUG 2025-05-08 17:06:18,268 autoreload 7104 25060 File C:\Users\Нияз\PycharmProjects\metallurg_production\.venv\Lib\site-packages\django\contrib\staticfiles\apps.py first seen with mtime 1744465212.105788
DEBUG 2025-05-08 17:06:18,268 autoreload 7104 25060 File C:\Users\Нияз\AppData\Local\Programs\Python\Python312\Lib\re\__init__.py first seen with mtime 1712656218.0
DEBUG 2025-05-08 17:06:18,268 autoreload 7104 25060 File C:\Users\Нияз\AppData\Local\Programs\Python\Python312\Lib\asyncio\windows_events.py first seen with mtime 1712656218.0
DEBUG 2025-05-08 17:06:18,269 autoreload 7104 25060 File C:\Users\Нияз\AppData\Local\Programs\Python\Python312\Lib\contextlib.py first seen with mtime 1712656218.0
DEBUG 2025-05-08 17:06:18,269 autoreload 7104 25060 File C:\Users\Нияз\PycharmProjects\metallurg_production\.venv\Lib\site-packages\pandas\tseries\api.py first seen with mtime 1744484130.6958787
DEBUG 2025-05-08 17:06:18,269 autoreload 7104 25060 File C:\Users\Нияз\PycharmProjects\metallurg_production\.venv\Lib\site-packages\crispy_forms\__init__.py first seen with mtime 1746193173.1187959
DEBUG 2025-05-08 17:06:18,269 autoreload 7104 25060 File C:\Users\Нияз\PycharmProjects\metallurg_production\.venv\Lib\site-packages\pandas\compat\pyarrow.py first seen with mtime 1744484128.1430647
DEBUG 2025-05-08 17:06:18,269 autoreload 7104 25060 File C:\Users\Нияз\PycharmProjects\metallurg_production\.venv\Lib\site-packages\sqlparse\lexer.py first seen with mtime 1744465207.3409474
DEBUG 2025-05-08 17:06:18,270 autoreload 7104 25060 File C:\Users\Нияз\PycharmProjects\metallurg_production\.venv\Lib\site-packages\pandas\core\indexers\utils.py first seen with mtime 1744484128.394111
DEBUG 2025-05-08 17:06:18,270 autoreload 7104 25060 File C:\Users\Нияз\PycharmProjects\metallurg_production\.venv\Lib\site-packages\django\core\handlers\base.py first seen with mtime 1744465212.1883447
DEBUG 2025-05-08 17:06:18,271 autoreload 7104 25060 File C:\Users\Нияз\PycharmProjects\metallurg_production\.venv\Lib\site-packages\pandas\_libs\algos.cp312-win_amd64.pyd first seen with mtime 1744484130.7506497
DEBUG 2025-05-08 17:06:18,271 autoreload 7104 25060 File C:\Users\Нияз\PycharmProjects\metallurg_production\.venv\Lib\site-packages\pandas\io\excel\_util.py first seen with mtime 1744484128.5792634
DEBUG 2025-05-08 17:06:18,271 autoreload 7104 25060 File C:\Users\Нияз\PycharmProjects\metallurg_production\.venv\Lib\site-packages\django\contrib\auth\views.py first seen with mtime 1744465209.4105446
DEBUG 2025-05-08 17:06:18,271 autoreload 7104 25060 File C:\Users\Нияз\PycharmProjects\metallurg_production\.venv\Lib\site-packages\django\utils\datastructures.py first seen with mtime 1744465212.554612
DEBUG 2025-05-08 17:06:18,271 autoreload 7104 25060 File C:\Users\Нияз\PycharmProjects\metallurg_production\.venv\Lib\site-packages\pandas\util\_tester.py first seen with mtime 1744484130.716901
DEBUG 2025-05-08 17:06:18,272 autoreload 7104 25060 File C:\Users\Нияз\PycharmProjects\metallurg_production\.venv\Lib\site-packages\pandas\core\arrays\arrow\accessors.py first seen with mtime 1744484128.2805197
DEBUG 2025-05-08 17:06:18,272 autoreload 7104 25060 File C:\Users\Нияз\AppData\Local\Programs\Python\Python312\Lib\__future__.py first seen with mtime 1712656218.0
DEBUG 2025-05-08 17:06:18,272 autoreload 7104 25060 File C:\Users\Нияз\PycharmProjects\metallurg_production\.venv\Lib\site-packages\numpy\random\_sfc64.cp312-win_amd64.pyd first seen with mtime 1744484117.374131
DEBUG 2025-05-08 17:06:18,273 autoreload 7104 25060 File C:\Users\Нияз\PycharmProjects\metallurg_production\.venv\Lib\site-packages\django\db\models\fields\files.py first seen with mtime 1744465212.346849
DEBUG 2025-05-08 17:06:18,273 autoreload 7104 25060 File C:\Users\Нияз\PycharmProjects\metallurg_production\.venv\Lib\site-packages\numpy\_core\numerictypes.py first seen with mtime 1744484117.531263
DEBUG 2025-05-08 17:06:18,273 autoreload 7104 25060 File C:\Users\Нияз\AppData\Local\Programs\Python\Python312\Lib\dis.py first seen with mtime 1712656218.0
DEBUG 2025-05-08 17:06:18,274 autoreload 7104 25060 File C:\Users\Нияз\PycharmProjects\metallurg_production\.venv\Lib\site-packages\django\db\models\functions\math.py first seen with mtime 1744465212.3621693
DEBUG 2025-05-08 17:06:18,274 autoreload 7104 25060 File C:\Users\Нияз\PycharmProjects\metallurg_production\.venv\Lib\site-packages\numpy\_typing\_scalars.py first seen with mtime 1744484117.703181
DEBUG 2025-05-08 17:06:18,274 autoreload 7104 25060 File C:\Users\Нияз\AppData\Local\Programs\Python\Python312\Lib\email\__init__.py first seen with mtime 1712656218.0
DEBUG 2025-05-08 17:06:18,275 autoreload 7104 25060 File C:\Users\Нияз\PycharmProjects\metallurg_production\.venv\Lib\site-packages\django\db\backends\base\validation.py first seen with mtime 1744465212.2595
DEBUG 2025-05-08 17:06:18,275 autoreload 7104 25060 File C:\Users\Нияз\PycharmProjects\metallurg_production\.venv\Lib\site-packages\django\template\library.py first seen with mtime 1744465212.5122645
DEBUG 2025-05-08 17:06:18,275 autoreload 7104 25060 File C:\Users\Нияз\PycharmProjects\metallurg_production\.venv\Lib\site-packages\django\middleware\csrf.py first seen with mtime 1744465212.4926994
DEBUG 2025-05-08 17:06:18,275 autoreload 7104 25060 File C:\Users\Нияз\PycharmProjects\metallurg_production\.venv\Lib\site-packages\sqlparse\formatter.py first seen with mtime 1744465207.339611
DEBUG 2025-05-08 17:06:18,276 autoreload 7104 25060 File C:\Users\Нияз\PycharmProjects\metallurg_production\.venv\Lib\site-packages\numpy\_core\_internal.py first seen with mtime 1744484117.5451596
DEBUG 2025-05-08 17:06:18,276 autoreload 7104 25060 File C:\Users\Нияз\PycharmProjects\metallurg_production\.venv\Lib\site-packages\django\forms\forms.py first seen with mtime 1744465212.3819363
DEBUG 2025-05-08 17:06:18,276 autoreload 7104 25060 File C:\Users\Нияз\PycharmProjects\metallurg_production\.venv\Lib\site-packages\numpy\lib\_scimath_impl.py first seen with mtime 1744484117.2309637
DEBUG 2025-05-08 17:06:18,277 autoreload 7104 25060 File C:\Users\Нияз\PycharmProjects\metallurg_production\.venv\Lib\site-packages\crispy_forms\layout.py first seen with mtime 1746193173.1217742
DEBUG 2025-05-08 17:06:18,277 autoreload 7104 25060 File C:\Users\Нияз\PycharmProjects\metallurg_production\.venv\Lib\site-packages\django\contrib\admin\templatetags\admin_urls.py first seen with mtime 1744465209.1336002
DEBUG 2025-05-08 17:06:18,277 autoreload 7104 25060 File C:\Users\Нияз\PycharmProjects\metallurg_production\.venv\Lib\site-packages\pandas\io\excel\_odfreader.py first seen with mtime 1744484128.573314
DEBUG 2025-05-08 17:06:18,277 autoreload 7104 25060 File C:\Users\Нияз\AppData\Local\Programs\Python\Python312\Lib\html\__init__.py first seen with mtime 1712656218.0
DEBUG 2025-05-08 17:06:18,278 autoreload 7104 25060 File C:\Users\Нияз\PycharmProjects\metallurg_production\production_plan\__init__.py first seen with mtime 1744467329.4277425
DEBUG 2025-05-08 17:06:18,278 autoreload 7104 25060 File C:\Users\Нияз\PycharmProjects\metallurg_production\.venv\Lib\site-packages\numpy\matrixlib\__init__.py first seen with mtime 1744484117.3094332
DEBUG 2025-05-08 17:06:18,278 autoreload 7104 25060 File C:\Users\Нияз\PycharmProjects\metallurg_production\.venv\Lib\site-packages\django\db\models\functions\json.py first seen with mtime 1744465212.36115
DEBUG 2025-05-08 17:06:18,278 autoreload 7104 25060 File C:\Users\Нияз\PycharmProjects\metallurg_production\config\urls.py first seen with mtime 1745860893.8582184
DEBUG 2025-05-08 17:06:18,279 autoreload 7104 25060 File C:\Users\Нияз\PycharmProjects\metallurg_production\.venv\Lib\site-packages\numpy\lib\_arraypad_impl.py first seen with mtime 1744484117.2151923
DEBUG 2025-05-08 17:06:18,279 autoreload 7104 25060 File C:\Users\Нияз\PycharmProjects\metallurg_production\.venv\Lib\site-packages\django\core\files\storage\base.py first seen with mtime 1744465212.1809707
DEBUG 2025-05-08 17:06:18,279 autoreload 7104 25060 File C:\Users\Нияз\PycharmProjects\metallurg_production\.venv\Lib\site-packages\django\db\backends\postgresql\compiler.py first seen with mtime 1744465212.2863674
DEBUG 2025-05-08 17:06:18,280 autoreload 7104 25060 File C:\Users\Нияз\PycharmProjects\metallurg_production\.venv\Lib\site-packages\django\contrib\sessions\backends\__init__.py first seen with mtime 1744465211.4299467
DEBUG 2025-05-08 17:06:18,280 autoreload 7104 25060 File C:\Users\Нияз\AppData\Local\Programs\Python\Python312\Lib\ctypes\_endian.py first seen with mtime 1712656218.0
DEBUG 2025-05-08 17:06:18,280 autoreload 7104 25060 File C:\Users\Нияз\PycharmProjects\metallurg_production\.venv\Lib\site-packages\pandas\core\_numba\executor.py first seen with mtime 1744484128.52496
DEBUG 2025-05-08 17:06:18,280 autoreload 7104 25060 File C:\Users\Нияз\PycharmProjects\metallurg_production\.venv\Lib\site-packages\django\contrib\contenttypes\checks.py first seen with mtime 1744465209.6490695
DEBUG 2025-05-08 17:06:18,281 autoreload 7104 25060 File C:\Users\Нияз\AppData\Local\Programs\Python\Python312\Lib\types.py first seen with mtime 1712656218.0
DEBUG 2025-05-08 17:06:18,281 autoreload 7104 25060 File C:\Users\Нияз\PycharmProjects\metallurg_production\.venv\Lib\site-packages\pandas\core\indexing.py first seen with mtime 1744484128.1917157
DEBUG 2025-05-08 17:06:18,281 autoreload 7104 25060 File C:\Users\Нияз\PycharmProjects\metallurg_production\.venv\Lib\site-packages\django\template\__init__.py first seen with mtime 1744465212.499253
DEBUG 2025-05-08 17:06:18,281 autoreload 7104 25060 File C:\Users\Нияз\PycharmProjects\metallurg_production\.venv\Lib\site-packages\pandas\compat\pickle_compat.py first seen with mtime 1744484128.1402693
DEBUG 2025-05-08 17:06:18,282 autoreload 7104 25060 File C:\Users\Нияз\PycharmProjects\metallurg_production\.venv\Lib\site-packages\numpy\_distributor_init.py first seen with mtime 1744484117.041396
DEBUG 2025-05-08 17:06:18,282 autoreload 7104 25060 File C:\Users\Нияз\AppData\Local\Programs\Python\Python312\Lib\_strptime.py first seen with mtime 1712656218.0
DEBUG 2025-05-08 17:06:18,282 autoreload 7104 25060 File C:\Users\Нияз\PycharmProjects\metallurg_production\.venv\Lib\site-packages\pandas\core\window\online.py first seen with mtime 1744484128.5184193
DEBUG 2025-05-08 17:06:18,282 autoreload 7104 25060 File C:\Users\Нияз\PycharmProjects\metallurg_production\.venv\Lib\site-packages\django\utils\tree.py first seen with mtime 1744465212.5823646
DEBUG 2025-05-08 17:06:18,282 autoreload 7104 25060 File C:\Users\Нияз\PycharmProjects\metallurg_production\.venv\Lib\site-packages\numpy\linalg\linalg.py first seen with mtime 1744484117.2780218
DEBUG 2025-05-08 17:06:18,283 autoreload 7104 25060 File C:\Users\Нияз\PycharmProjects\metallurg_production\.venv\Lib\site-packages\pandas\core\indexes\datetimelike.py first seen with mtime 1744484128.4060805
DEBUG 2025-05-08 17:06:18,283 autoreload 7104 25060 File C:\Users\Нияз\AppData\Local\Programs\Python\Python312\Lib\asyncio\locks.py first seen with mtime 1712656218.0
DEBUG 2025-05-08 17:06:18,283 autoreload 7104 25060 File C:\Users\Нияз\PycharmProjects\metallurg_production\.venv\Lib\site-packages\django\utils\formats.py first seen with mtime 1744465212.5636213
DEBUG 2025-05-08 17:06:18,283 autoreload 7104 25060 File C:\Users\Нияз\PycharmProjects\metallurg_production\.venv\Lib\site-packages\django\core\handlers\asgi.py first seen with mtime 1744465212.1868372
DEBUG 2025-05-08 17:06:18,284 autoreload 7104 25060 File C:\Users\Нияз\PycharmProjects\metallurg_production\.venv\Lib\site-packages\numpy\random\_mt19937.cp312-win_amd64.pyd first seen with mtime 1744484117.356738
DEBUG 2025-05-08 17:06:18,284 autoreload 7104 25060 File C:\Users\Нияз\PycharmProjects\metallurg_production\.venv\Lib\site-packages\sqlparse\cli.py first seen with mtime 1744465207.3376017
DEBUG 2025-05-08 17:06:18,284 autoreload 7104 25060 File C:\Users\Нияз\PycharmProjects\metallurg_production\.venv\Lib\site-packages\pandas\_testing\compat.py first seen with mtime 1744484131.0177052
DEBUG 2025-05-08 17:06:18,284 autoreload 7104 25060 File C:\Users\Нияз\PycharmProjects\metallurg_production\.venv\Lib\site-packages\django\core\files\uploadedfile.py first seen with mtime 1744465212.1769762
DEBUG 2025-05-08 17:06:18,284 autoreload 7104 25060 File C:\Users\Нияз\PycharmProjects\metallurg_production\.venv\Lib\site-packages\pandas\core\computation\pytables.py first seen with mtime 1744484128.344579
DEBUG 2025-05-08 17:06:18,285 autoreload 7104 25060 File C:\Users\Нияз\PycharmProjects\metallurg_production\.venv\Lib\site-packages\django\urls\base.py first seen with mtime 1744465212.5418482
DEBUG 2025-05-08 17:06:18,285 autoreload 7104 25060 File C:\Users\Нияз\PycharmProjects\metallurg_production\.venv\Lib\site-packages\django\contrib\auth\apps.py first seen with mtime 1744465209.3948565
DEBUG 2025-05-08 17:06:18,285 autoreload 7104 25060 File C:\Users\Нияз\PycharmProjects\metallurg_production\.venv\Lib\site-packages\django\apps\config.py first seen with mtime 1744465208.1312265
DEBUG 2025-05-08 17:06:18,286 autoreload 7104 25060 File C:\Users\Нияз\AppData\Local\Programs\Python\Python312\Lib\argparse.py first seen with mtime 1712656218.0
DEBUG 2025-05-08 17:06:18,286 autoreload 7104 25060 File C:\Users\Нияз\PycharmProjects\metallurg_production\.venv\Lib\site-packages\pandas\io\excel\_xlrd.py first seen with mtime 1744484128.5792634
DEBUG 2025-05-08 17:06:18,286 autoreload 7104 25060 File C:\Users\Нияз\PycharmProjects\metallurg_production\.venv\Lib\site-packages\psycopg2\_psycopg.cp312-win_amd64.pyd first seen with mtime 1744471201.8788414
DEBUG 2025-05-08 17:06:18,286 autoreload 7104 25060 File C:\Users\Нияз\PycharmProjects\metallurg_production\.venv\Lib\site-packages\django\contrib\staticfiles\views.py first seen with mtime 1744465212.1167846
DEBUG 2025-05-08 17:06:18,286 autoreload 7104 25060 File C:\Users\Нияз\PycharmProjects\metallurg_production\production_plan\models.py first seen with mtime 1746559757.6817458
DEBUG 2025-05-08 17:06:18,287 autoreload 7104 25060 File C:\Users\Нияз\PycharmProjects\metallurg_production\.venv\Lib\site-packages\pandas\core\window\rolling.py first seen with mtime 1744484128.5184193
DEBUG 2025-05-08 17:06:18,287 autoreload 7104 25060 File C:\Users\Нияз\PycharmProjects\metallurg_production\.venv\Lib\site-packages\django\utils\functional.py first seen with mtime 1744465212.5656252
DEBUG 2025-05-08 17:06:18,287 autoreload 7104 25060 File C:\Users\Нияз\PycharmProjects\metallurg_production\.venv\Lib\site-packages\pandas\_libs\tslibs\timestamps.cp312-win_amd64.pyd first seen with mtime 1744484130.9925816
DEBUG 2025-05-08 17:06:18,287 autoreload 7104 25060 File C:\Users\Нияз\AppData\Local\Programs\Python\Python312\Lib\wsgiref\headers.py first seen with mtime 1712656218.0
DEBUG 2025-05-08 17:06:18,287 autoreload 7104 25060 File C:\Users\Нияз\AppData\Local\Programs\Python\Python312\Lib\wsgiref\simple_server.py first seen with mtime 1712656218.0
DEBUG 2025-05-08 17:06:18,288 autoreload 7104 25060 File C:\Users\Нияз\AppData\Local\Programs\Python\Python312\DLLs\_hashlib.pyd first seen with mtime 1712656262.0
DEBUG 2025-05-08 17:06:18,288 autoreload 7104 25060 File C:\Users\Нияз\AppData\Local\Programs\Python\Python312\Lib\zoneinfo\__init__.py first seen with mtime 1712656218.0
DEBUG 2025-05-08 17:06:18,288 autoreload 7104 25060 File C:\Users\Нияз\PycharmProjects\metallurg_production\.venv\Lib\site-packages\numpy\random\__init__.py first seen with mtime 1744484117.374131
DEBUG 2025-05-08 17:06:18,288 autoreload 7104 25060 File C:\Users\Нияз\PycharmProjects\metallurg_production\.venv\Lib\site-packages\django\utils\log.py first seen with mtime 1744465212.5724263
DEBUG 2025-05-08 17:06:18,288 autoreload 7104 25060 File C:\Users\Нияз\PycharmProjects\metallurg_production\.venv\Lib\site-packages\pandas\_testing\_warnings.py first seen with mtime 1744484131.0208335
DEBUG 2025-05-08 17:06:18,289 autoreload 7104 25060 File C:\Users\Нияз\AppData\Local\Programs\Python\Python312\Lib\email\header.py first seen with mtime 1712656218.0
DEBUG 2025-05-08 17:06:18,289 autoreload 7104 25060 File C:\Users\Нияз\PycharmProjects\metallurg_production\.venv\Lib\site-packages\django\template\loader_tags.py first seen with mtime 1744465212.5146055
DEBUG 2025-05-08 17:06:18,289 autoreload 7104 25060 File C:\Users\Нияз\PycharmProjects\metallurg_production\.venv\Lib\site-packages\pandas\core\indexes\__init__.py first seen with mtime 1744484128.4215474
DEBUG 2025-05-08 17:06:18,290 autoreload 7104 25060 File C:\Users\Нияз\PycharmProjects\metallurg_production\.venv\Lib\site-packages\django\contrib\sessions\apps.py first seen with mtime 1744465211.422756
DEBUG 2025-05-08 17:06:18,290 autoreload 7104 25060 File C:\Users\Нияз\PycharmProjects\metallurg_production\.venv\Lib\site-packages\django\core\files\uploadhandler.py first seen with mtime 1744465212.1779754
DEBUG 2025-05-08 17:06:18,290 autoreload 7104 25060 File C:\Users\Нияз\PycharmProjects\metallurg_production\.venv\Lib\site-packages\pandas\io\excel\_calamine.py first seen with mtime 1744484128.573314
DEBUG 2025-05-08 17:06:18,290 autoreload 7104 25060 File C:\Users\Нияз\PycharmProjects\metallurg_production\.venv\Lib\site-packages\pandas\__init__.py first seen with mtime 1744484128.1101465
DEBUG 2025-05-08 17:06:18,291 autoreload 7104 25060 File C:\Users\Нияз\AppData\Local\Programs\Python\Python312\Lib\contextvars.py first seen with mtime 1712656218.0
DEBUG 2025-05-08 17:06:18,291 autoreload 7104 25060 File C:\Users\Нияз\PycharmProjects\metallurg_production\.venv\Lib\site-packages\django\utils\deconstruct.py first seen with mtime 1744465212.558622
DEBUG 2025-05-08 17:06:18,291 autoreload 7104 25060 File C:\Users\Нияз\PycharmProjects\metallurg_production\.venv\Lib\site-packages\pandas\_libs\tslib.cp312-win_amd64.pyd first seen with mtime 1744484130.9173367
DEBUG 2025-05-08 17:06:18,291 autoreload 7104 25060 File C:\Users\Нияз\PycharmProjects\metallurg_production\shift_assignment\apps.py first seen with mtime 1744467419.8238027
DEBUG 2025-05-08 17:06:18,292 autoreload 7104 25060 File C:\Users\Нияз\PycharmProjects\metallurg_production\.venv\Lib\site-packages\crispy_forms\templatetags\crispy_forms_field.py first seen with mtime 1746193173.1237795
DEBUG 2025-05-08 17:06:18,292 autoreload 7104 25060 File C:\Users\Нияз\PycharmProjects\metallurg_production\users\models.py first seen with mtime 1746187081.5397248
DEBUG 2025-05-08 17:06:18,292 autoreload 7104 25060 File C:\Users\Нияз\AppData\Local\Programs\Python\Python312\Lib\hmac.py first seen with mtime 1712656218.0
DEBUG 2025-05-08 17:06:18,292 autoreload 7104 25060 File C:\Users\Нияз\PycharmProjects\metallurg_production\.venv\Lib\site-packages\sqlparse\filters\reindent.py first seen with mtime 1744465207.3519628
DEBUG 2025-05-08 17:06:18,292 autoreload 7104 25060 File C:\Users\Нияз\AppData\Local\Programs\Python\Python312\Lib\asyncio\queues.py first seen with mtime 1712656218.0
DEBUG 2025-05-08 17:06:18,293 autoreload 7104 25060 File C:\Users\Нияз\PycharmProjects\metallurg_production\.venv\Lib\site-packages\sqlparse\engine\__init__.py first seen with mtime 1744465207.343956
DEBUG 2025-05-08 17:06:18,293 autoreload 7104 25060 File C:\Users\Нияз\PycharmProjects\metallurg_production\.venv\Lib\site-packages\pandas\core\arrays\datetimes.py first seen with mtime 1744484128.2314258
DEBUG 2025-05-08 17:06:18,293 autoreload 7104 25060 File C:\Users\Нияз\PycharmProjects\metallurg_production\.venv\Lib\site-packages\dateutil\parser\isoparser.py first seen with mtime 1744484127.56023
DEBUG 2025-05-08 17:06:18,293 autoreload 7104 25060 File C:\Users\Нияз\AppData\Local\Programs\Python\Python312\Lib\locale.py first seen with mtime 1712656218.0
DEBUG 2025-05-08 17:06:18,293 autoreload 7104 25060 File C:\Users\Нияз\PycharmProjects\metallurg_production\.venv\Lib\site-packages\pandas\core\array_algos\quantile.py first seen with mtime 1744484128.3163877
DEBUG 2025-05-08 17:06:18,294 autoreload 7104 25060 File C:\Users\Нияз\PycharmProjects\metallurg_production\.venv\Lib\site-packages\dateutil\tz\tz.py first seen with mtime 1744484127.5662286
DEBUG 2025-05-08 17:06:18,294 autoreload 7104 25060 File C:\Users\Нияз\PycharmProjects\metallurg_production\.venv\Lib\site-packages\pandas\core\dtypes\concat.py first seen with mtime 1744484128.357371
DEBUG 2025-05-08 17:06:18,294 autoreload 7104 25060 File C:\Users\Нияз\PycharmProjects\metallurg_production\.venv\Lib\site-packages\django\middleware\common.py first seen with mtime 1744465212.4916897
DEBUG 2025-05-08 17:06:18,294 autoreload 7104 25060 File C:\Users\Нияз\AppData\Local\Programs\Python\Python312\Lib\email\iterators.py first seen with mtime 1712656218.0
DEBUG 2025-05-08 17:06:18,295 autoreload 7104 25060 File C:\Users\Нияз\PycharmProjects\metallurg_production\.venv\Lib\site-packages\pandas\core\reshape\merge.py first seen with mtime 1744484128.4819686
DEBUG 2025-05-08 17:06:18,295 autoreload 7104 25060 File C:\Users\Нияз\PycharmProjects\metallurg_production\.venv\Lib\site-packages\django\db\models\enums.py first seen with mtime 1744465212.3327782
DEBUG 2025-05-08 17:06:18,295 autoreload 7104 25060 File C:\Users\Нияз\PycharmProjects\metallurg_production\.venv\Lib\site-packages\numpy\_core\numeric.py first seen with mtime 1744484117.5295146
DEBUG 2025-05-08 17:06:18,295 autoreload 7104 25060 File C:\Users\Нияз\AppData\Local\Programs\Python\Python312\Lib\ctypes\__init__.py first seen with mtime 1712656218.0
DEBUG 2025-05-08 17:06:18,295 autoreload 7104 25060 File C:\Users\Нияз\PycharmProjects\metallurg_production\.venv\Lib\site-packages\pandas\core\arrays\arrow\__init__.py first seen with mtime 1744484128.2953205
DEBUG 2025-05-08 17:06:18,296 autoreload 7104 25060 File C:\Users\Нияз\PycharmProjects\metallurg_production\.venv\Lib\site-packages\django\contrib\admin\options.py first seen with mtime 1744465208.5233319
DEBUG 2025-05-08 17:06:18,296 autoreload 7104 25060 File C:\Users\Нияз\PycharmProjects\metallurg_production\.venv\Lib\site-packages\pandas\_testing\_io.py first seen with mtime 1744484131.0199509
DEBUG 2025-05-08 17:06:18,296 autoreload 7104 25060 File C:\Users\Нияз\PycharmProjects\metallurg_production\.venv\Lib\site-packages\pandas\core\ops\docstrings.py first seen with mtime 1744484128.4618077
DEBUG 2025-05-08 17:06:18,296 autoreload 7104 25060 File C:\Users\Нияз\PycharmProjects\metallurg_production\.venv\Lib\site-packages\pandas\core\window\common.py first seen with mtime 1744484128.508568
DEBUG 2025-05-08 17:06:18,296 autoreload 7104 25060 File C:\Users\Нияз\PycharmProjects\metallurg_production\.venv\Lib\site-packages\django\core\handlers\wsgi.py first seen with mtime 1744465212.1896896
DEBUG 2025-05-08 17:06:18,297 autoreload 7104 25060 File C:\Users\Нияз\PycharmProjects\metallurg_production\.venv\Lib\site-packages\pandas\_libs\window\__init__.py first seen with mtime 1744484131.0156956
DEBUG 2025-05-08 17:06:18,297 autoreload 7104 25060 File C:\Users\Нияз\PycharmProjects\metallurg_production\.venv\Lib\site-packages\pandas\core\methods\__init__.py first seen with mtime 1744484128.4577825
DEBUG 2025-05-08 17:06:18,297 autoreload 7104 25060 File C:\Users\Нияз\AppData\Local\Programs\Python\Python312\Lib\heapq.py first seen with mtime 1712656218.0
DEBUG 2025-05-08 17:06:18,297 autoreload 7104 25060 File C:\Users\Нияз\PycharmProjects\metallurg_production\.venv\Lib\site-packages\pandas\io\excel\_openpyxl.py first seen with mtime 1744484128.573314
DEBUG 2025-05-08 17:06:18,298 autoreload 7104 25060 File C:\Users\Нияз\PycharmProjects\metallurg_production\.venv\Lib\site-packages\django\views\decorators\common.py first seen with mtime 1744465212.5992525
DEBUG 2025-05-08 17:06:18,298 autoreload 7104 25060 File C:\Users\Нияз\PycharmProjects\metallurg_production\.venv\Lib\site-packages\django\core\serializers\python.py first seen with mtime 1744465212.2374995
DEBUG 2025-05-08 17:06:18,298 autoreload 7104 25060 File C:\Users\Нияз\PycharmProjects\metallurg_production\production_plan\admin.py first seen with mtime 1744482316.1572824
DEBUG 2025-05-08 17:06:18,298 autoreload 7104 25060 File C:\Users\Нияз\PycharmProjects\metallurg_production\.venv\Lib\site-packages\django\db\backends\postgresql\schema.py first seen with mtime 1744465212.2916994
DEBUG 2025-05-08 17:06:18,298 autoreload 7104 25060 File C:\Users\Нияз\PycharmProjects\metallurg_production\.venv\Lib\site-packages\pandas\core\internals\__init__.py first seen with mtime 1744484128.4522388
DEBUG 2025-05-08 17:06:18,299 autoreload 7104 25060 File C:\Users\Нияз\AppData\Local\Programs\Python\Python312\Lib\subprocess.py first seen with mtime 1712656218.0
DEBUG 2025-05-08 17:06:18,299 autoreload 7104 25060 File C:\Users\Нияз\AppData\Local\Programs\Python\Python312\DLLs\_wmi.pyd first seen with mtime 1712656262.0
DEBUG 2025-05-08 17:06:18,299 autoreload 7104 25060 File C:\Users\Нияз\PycharmProjects\metallurg_production\.venv\Lib\site-packages\pandas\core\common.py first seen with mtime 1744484128.172708
DEBUG 2025-05-08 17:06:18,299 autoreload 7104 25060 File C:\Users\Нияз\PycharmProjects\metallurg_production\.venv\Lib\site-packages\django\contrib\admin\templatetags\admin_modify.py first seen with mtime 1744465209.1336002
DEBUG 2025-05-08 17:06:18,299 autoreload 7104 25060 File C:\Users\Нияз\AppData\Local\Programs\Python\Python312\DLLs\_bz2.pyd first seen with mtime 1712656262.0
DEBUG 2025-05-08 17:06:18,300 autoreload 7104 25060 File C:\Users\Нияз\PycharmProjects\metallurg_production\.venv\Lib\site-packages\django\contrib\contenttypes\fields.py first seen with mtime 1744465209.650162
DEBUG 2025-05-08 17:06:18,300 autoreload 7104 25060 File C:\Users\Нияз\PycharmProjects\metallurg_production\.venv\Lib\site-packages\django\db\models\fields\generated.py first seen with mtime 1744465212.346849
DEBUG 2025-05-08 17:06:18,300 autoreload 7104 25060 File C:\Users\Нияз\AppData\Local\Programs\Python\Python312\Lib\urllib\parse.py first seen with mtime 1712656218.0
DEBUG 2025-05-08 17:06:18,300 autoreload 7104 25060 File C:\Users\Нияз\PycharmProjects\metallurg_production\.venv\Lib\site-packages\django\http\response.py first seen with mtime 1744465212.4865851
DEBUG 2025-05-08 17:06:18,300 autoreload 7104 25060 File C:\Users\Нияз\PycharmProjects\metallurg_production\.venv\Lib\site-packages\pandas\core\arrays\interval.py first seen with mtime 1744484128.239819
DEBUG 2025-05-08 17:06:18,301 autoreload 7104 25060 File C:\Users\Нияз\PycharmProjects\metallurg_production\.venv\Lib\site-packages\numpy\matrixlib\defmatrix.py first seen with mtime 1744484117.3094332
DEBUG 2025-05-08 17:06:18,301 autoreload 7104 25060 File C:\Users\Нияз\PycharmProjects\metallurg_production\.venv\Lib\site-packages\pandas\core\methods\selectn.py first seen with mtime 1744484128.4553256
DEBUG 2025-05-08 17:06:18,301 autoreload 7104 25060 File C:\Users\Нияз\PycharmProjects\metallurg_production\.venv\Lib\site-packages\pandas\api\__init__.py first seen with mtime 1744484128.1173081
DEBUG 2025-05-08 17:06:18,302 autoreload 7104 25060 File C:\Users\Нияз\PycharmProjects\metallurg_production\.venv\Lib\site-packages\django\utils\dateformat.py first seen with mtime 1744465212.555626
DEBUG 2025-05-08 17:06:18,302 autoreload 7104 25060 File C:\Users\Нияз\AppData\Local\Programs\Python\Python312\Lib\http\client.py first seen with mtime 1712656218.0
DEBUG 2025-05-08 17:06:18,302 autoreload 7104 25060 File C:\Users\Нияз\PycharmProjects\metallurg_production\.venv\Lib\site-packages\pandas\io\feather_format.py first seen with mtime 1744484128.547626
DEBUG 2025-05-08 17:06:18,302 autoreload 7104 25060 File C:\Users\Нияз\AppData\Local\Programs\Python\Python312\Lib\zipfile\_path\glob.py first seen with mtime 1712656218.0
DEBUG 2025-05-08 17:06:18,303 autoreload 7104 25060 File C:\Users\Нияз\PycharmProjects\metallurg_production\.venv\Lib\site-packages\django\core\files\base.py first seen with mtime 1744465212.171962
DEBUG 2025-05-08 17:06:18,303 autoreload 7104 25060 File C:\Users\Нияз\PycharmProjects\metallurg_production\.venv\Lib\site-packages\pandas\core\series.py first seen with mtime 1744484128.2078822
DEBUG 2025-05-08 17:06:18,303 autoreload 7104 25060 File C:\Users\Нияз\PycharmProjects\metallurg_production\.venv\Lib\site-packages\pandas\tseries\offsets.py first seen with mtime 1744484130.7059548
DEBUG 2025-05-08 17:06:18,304 autoreload 7104 25060 File C:\Users\Нияз\AppData\Local\Programs\Python\Python312\Lib\logging\handlers.py first seen with mtime 1712656218.0
DEBUG 2025-05-08 17:06:18,304 autoreload 7104 25060 File C:\Users\Нияз\PycharmProjects\metallurg_production\.venv\Lib\site-packages\django\contrib\admin\actions.py first seen with mtime 1744465208.515886
DEBUG 2025-05-08 17:06:18,304 autoreload 7104 25060 File C:\Users\Нияз\PycharmProjects\metallurg_production\.venv\Lib\site-packages\django\db\backends\base\creation.py first seen with mtime 1744465212.25327
DEBUG 2025-05-08 17:06:18,304 autoreload 7104 25060 File C:\Users\Нияз\PycharmProjects\metallurg_production\.venv\Lib\site-packages\django\templatetags\l10n.py first seen with mtime 1744465212.5298488
DEBUG 2025-05-08 17:06:18,304 autoreload 7104 25060 File C:\Users\Нияз\PycharmProjects\metallurg_production\.venv\Lib\site-packages\pandas\tseries\__init__.py first seen with mtime 1744484130.708029
DEBUG 2025-05-08 17:06:18,305 autoreload 7104 25060 File C:\Users\Нияз\PycharmProjects\metallurg_production\.venv\Lib\site-packages\pandas\core\arrays\string_arrow.py first seen with mtime 1744484128.2569766
DEBUG 2025-05-08 17:06:18,305 autoreload 7104 25060 File C:\Users\Нияз\PycharmProjects\metallurg_production\.venv\Lib\site-packages\numpy\random\_common.cp312-win_amd64.pyd first seen with mtime 1744484117.356738
DEBUG 2025-05-08 17:06:18,305 autoreload 7104 25060 File C:\Users\Нияз\PycharmProjects\metallurg_production\.venv\Lib\site-packages\django\contrib\auth\middleware.py first seen with mtime 1744465209.40343
DEBUG 2025-05-08 17:06:18,305 autoreload 7104 25060 File C:\Users\Нияз\PycharmProjects\metallurg_production\.venv\Lib\site-packages\numpy\_core\_add_newdocs.py first seen with mtime 1744484117.531263
DEBUG 2025-05-08 17:06:18,306 autoreload 7104 25060 File C:\Users\Нияз\PycharmProjects\metallurg_production\.venv\Lib\site-packages\pandas\api\interchange\__init__.py first seen with mtime 1744484128.1261795
DEBUG 2025-05-08 17:06:18,306 autoreload 7104 25060 File C:\Users\Нияз\PycharmProjects\metallurg_production\manage.py first seen with mtime 1744465317.3145607
DEBUG 2025-05-08 17:06:18,306 autoreload 7104 25060 File C:\Users\Нияз\AppData\Local\Programs\Python\Python312\Lib\hashlib.py first seen with mtime 1712656218.0
DEBUG 2025-05-08 17:06:18,307 autoreload 7104 25060 File C:\Users\Нияз\AppData\Local\Programs\Python\Python312\Lib\email\base64mime.py first seen with mtime 1712656218.0
DEBUG 2025-05-08 17:06:18,307 autoreload 7104 25060 File C:\Users\Нияз\PycharmProjects\metallurg_production\.venv\Lib\site-packages\pandas\_libs\properties.cp312-win_amd64.pyd first seen with mtime 1744484130.8921392
DEBUG 2025-05-08 17:06:18,307 autoreload 7104 25060 File C:\Users\Нияз\PycharmProjects\metallurg_production\.venv\Lib\site-packages\django\db\migrations\utils.py first seen with mtime 1744465212.3187191
DEBUG 2025-05-08 17:06:18,307 autoreload 7104 25060 File C:\Users\Нияз\PycharmProjects\metallurg_production\.venv\Lib\site-packages\pandas\_libs\tslibs\tzconversion.cp312-win_amd64.pyd first seen with mtime 1744484131.0009744
DEBUG 2025-05-08 17:06:18,308 autoreload 7104 25060 File C:\Users\Нияз\PycharmProjects\metallurg_production\.venv\Lib\site-packages\numpy\lib\introspect.py first seen with mtime 1744484117.206988
DEBUG 2025-05-08 17:06:18,308 autoreload 7104 25060 File C:\Users\Нияз\PycharmProjects\metallurg_production\.venv\Lib\site-packages\django\utils\asyncio.py first seen with mtime 1744465212.5487442
DEBUG 2025-05-08 17:06:18,308 autoreload 7104 25060 File C:\Users\Нияз\PycharmProjects\metallurg_production\.venv\Lib\site-packages\pandas\core\indexes\accessors.py first seen with mtime 1744484128.3994784
DEBUG 2025-05-08 17:06:18,308 autoreload 7104 25060 File C:\Users\Нияз\PycharmProjects\metallurg_production\.venv\Lib\site-packages\pandas\io\formats\format.py first seen with mtime 1744484128.5924222
DEBUG 2025-05-08 17:06:18,309 autoreload 7104 25060 File C:\Users\Нияз\PycharmProjects\metallurg_production\.venv\Lib\site-packages\numpy\lib\_arraysetops_impl.py first seen with mtime 1744484117.2151923
DEBUG 2025-05-08 17:06:18,309 autoreload 7104 25060 File C:\Users\Нияз\AppData\Local\Programs\Python\Python312\DLLs\_ssl.pyd first seen with mtime 1712656262.0
DEBUG 2025-05-08 17:06:18,309 autoreload 7104 25060 File C:\Users\Нияз\PycharmProjects\metallurg_production\.venv\Lib\site-packages\sqlparse\keywords.py first seen with mtime 1744465207.339611
DEBUG 2025-05-08 17:06:18,309 autoreload 7104 25060 File C:\Users\Нияз\PycharmProjects\metallurg_production\.venv\Lib\site-packages\django\core\signing.py first seen with mtime 1744465212.137513
DEBUG 2025-05-08 17:06:18,310 autoreload 7104 25060 File C:\Users\Нияз\AppData\Local\Programs\Python\Python312\Lib\mimetypes.py first seen with mtime 1712656218.0
DEBUG 2025-05-08 17:06:18,310 autoreload 7104 25060 File C:\Users\Нияз\PycharmProjects\metallurg_production\.venv\Lib\site-packages\pandas\_typing.py first seen with mtime 1744484128.1090443
DEBUG 2025-05-08 17:06:18,310 autoreload 7104 25060 File C:\Users\Нияз\PycharmProjects\metallurg_production\.venv\Lib\site-packages\django\contrib\messages\storage\base.py first seen with mtime 1744465210.7424622
DEBUG 2025-05-08 17:06:18,310 autoreload 7104 25060 File C:\Users\Нияз\PycharmProjects\metallurg_production\.venv\Lib\site-packages\django\core\checks\__init__.py first seen with mtime 1744465212.1548436
DEBUG 2025-05-08 17:06:18,310 autoreload 7104 25060 File C:\Users\Нияз\PycharmProjects\metallurg_production\.venv\Lib\site-packages\django\views\generic\base.py first seen with mtime 1744465212.606557
DEBUG 2025-05-08 17:06:18,311 autoreload 7104 25060 File C:\Users\Нияз\PycharmProjects\metallurg_production\.venv\Lib\site-packages\psycopg2\sql.py first seen with mtime 1744471201.8892279
DEBUG 2025-05-08 17:06:18,311 autoreload 7104 25060 File C:\Users\Нияз\PycharmProjects\metallurg_production\.venv\Lib\site-packages\pandas\io\excel\_base.py first seen with mtime 1744484128.5719333
DEBUG 2025-05-08 17:06:18,311 autoreload 7104 25060 File C:\Users\Нияз\PycharmProjects\metallurg_production\users\admin.py first seen with mtime 1744818908.1950538
DEBUG 2025-05-08 17:06:18,311 autoreload 7104 25060 File C:\Users\Нияз\PycharmProjects\metallurg_production\.venv\Lib\site-packages\django\core\mail\__init__.py first seen with mtime 1744465212.1920495
DEBUG 2025-05-08 17:06:18,311 autoreload 7104 25060 File C:\Users\Нияз\PycharmProjects\metallurg_production\.venv\Lib\site-packages\django\template\backends\__init__.py first seen with mtime 1744465212.517499
DEBUG 2025-05-08 17:06:18,312 autoreload 7104 25060 File C:\Users\Нияз\PycharmProjects\metallurg_production\.venv\Lib\site-packages\pandas\core\dtypes\dtypes.py first seen with mtime 1744484128.366182
DEBUG 2025-05-08 17:06:18,312 autoreload 7104 25060 File C:\Users\Нияз\PycharmProjects\metallurg_production\.venv\Lib\site-packages\pandas\core\reshape\__init__.py first seen with mtime 1744484128.4877007
DEBUG 2025-05-08 17:06:18,312 autoreload 7104 25060 File C:\Users\Нияз\PycharmProjects\metallurg_production\.venv\Lib\site-packages\django\db\models\fields\related.py first seen with mtime 1744465212.3521564
DEBUG 2025-05-08 17:06:18,312 autoreload 7104 25060 File C:\Users\Нияз\PycharmProjects\metallurg_production\.venv\Lib\site-packages\pandas\util\_validators.py first seen with mtime 1744484130.720485
DEBUG 2025-05-08 17:06:18,313 autoreload 7104 25060 File C:\Users\Нияз\PycharmProjects\metallurg_production\.venv\Lib\site-packages\django\contrib\admin\widgets.py first seen with mtime 1744465208.5263336
DEBUG 2025-05-08 17:06:18,313 autoreload 7104 25060 File C:\Users\Нияз\PycharmProjects\metallurg_production\.venv\Lib\site-packages\pandas\core\arrays\timedeltas.py first seen with mtime 1744484128.2613022
DEBUG 2025-05-08 17:06:18,313 autoreload 7104 25060 File C:\Users\Нияз\PycharmProjects\metallurg_production\.venv\Lib\site-packages\django\utils\dateparse.py first seen with mtime 1744465212.5566244
DEBUG 2025-05-08 17:06:18,313 autoreload 7104 25060 File C:\Users\Нияз\PycharmProjects\metallurg_production\.venv\Lib\site-packages\pandas\core\reshape\tile.py first seen with mtime 1744484128.4856405
DEBUG 2025-05-08 17:06:18,313 autoreload 7104 25060 File C:\Users\Нияз\PycharmProjects\metallurg_production\.venv\Lib\site-packages\pandas\compat\__init__.py first seen with mtime 1744484128.1496012
DEBUG 2025-05-08 17:06:18,314 autoreload 7104 25060 File C:\Users\Нияз\PycharmProjects\metallurg_production\.venv\Lib\site-packages\django\db\backends\postgresql\operations.py first seen with mtime 1744465212.2896976
DEBUG 2025-05-08 17:06:18,314 autoreload 7104 25060 File C:\Users\Нияз\PycharmProjects\metallurg_production\.venv\Lib\site-packages\numpy\_core\_ufunc_config.py first seen with mtime 1744484117.5946574
DEBUG 2025-05-08 17:06:18,314 autoreload 7104 25060 File C:\Users\Нияз\AppData\Local\Programs\Python\Python312\DLLs\_zoneinfo.pyd first seen with mtime 1712656262.0
DEBUG 2025-05-08 17:06:18,314 autoreload 7104 25060 File C:\Users\Нияз\PycharmProjects\metallurg_production\.venv\Lib\site-packages\django\core\mail\utils.py first seen with mtime 1744465212.193043
DEBUG 2025-05-08 17:06:18,314 autoreload 7104 25060 File C:\Users\Нияз\PycharmProjects\metallurg_production\.venv\Lib\site-packages\django\db\models\manager.py first seen with mtime 1744465212.335778
DEBUG 2025-05-08 17:06:18,315 autoreload 7104 25060 File C:\Users\Нияз\PycharmProjects\metallurg_production\.venv\Lib\site-packages\pandas\core\reshape\pivot.py first seen with mtime 1744484128.483629
DEBUG 2025-05-08 17:06:18,315 autoreload 7104 25060 File C:\Users\Нияз\PycharmProjects\metallurg_production\.venv\Lib\site-packages\numpy\lib\_arrayterator_impl.py first seen with mtime 1744484117.2151923
DEBUG 2025-05-08 17:06:18,315 autoreload 7104 25060 File C:\Users\Нияз\PycharmProjects\metallurg_production\.venv\Lib\site-packages\pandas\io\json\_normalize.py first seen with mtime 1744484128.6256907
DEBUG 2025-05-08 17:06:18,315 autoreload 7104 25060 File C:\Users\Нияз\PycharmProjects\metallurg_production\.venv\Lib\site-packages\load_dotenv.py first seen with mtime 1744470698.615118
DEBUG 2025-05-08 17:06:18,316 autoreload 7104 25060 File C:\Users\Нияз\PycharmProjects\metallurg_production\.venv\Lib\site-packages\django\core\checks\caches.py first seen with mtime 1744465212.1567466
DEBUG 2025-05-08 17:06:18,316 autoreload 7104 25060 File C:\Users\Нияз\PycharmProjects\metallurg_production\.venv\Lib\site-packages\django\db\migrations\operations\__init__.py first seen with mtime 1744465212.320997
DEBUG 2025-05-08 17:06:18,316 autoreload 7104 25060 File C:\Users\Нияз\PycharmProjects\metallurg_production\.venv\Lib\site-packages\django\core\serializers\__init__.py first seen with mtime 1744465212.2343729
DEBUG 2025-05-08 17:06:18,317 autoreload 7104 25060 File C:\Users\Нияз\PycharmProjects\metallurg_production\.venv\Lib\site-packages\django\forms\models.py first seen with mtime 1744465212.3839643
DEBUG 2025-05-08 17:06:18,317 autoreload 7104 25060 File C:\Users\Нияз\PycharmProjects\metallurg_production\.venv\Lib\site-packages\pandas\core\accessor.py first seen with mtime 1744484128.1580794
DEBUG 2025-05-08 17:06:18,317 autoreload 7104 25060 File C:\Users\Нияз\PycharmProjects\metallurg_production\.venv\Lib\site-packages\pandas\core\flags.py first seen with mtime 1744484128.177948
DEBUG 2025-05-08 17:06:18,318 autoreload 7104 25060 File C:\Users\Нияз\PycharmProjects\metallurg_production\.venv\Lib\site-packages\django\contrib\sites\requests.py first seen with mtime 1744465211.693154
DEBUG 2025-05-08 17:06:18,318 autoreload 7104 25060 File C:\Users\Нияз\PycharmProjects\metallurg_production\.venv\Lib\site-packages\numpy\lib\_version.py first seen with mtime 1744484117.2467291
DEBUG 2025-05-08 17:06:18,319 autoreload 7104 25060 File C:\Users\Нияз\PycharmProjects\metallurg_production\shift_assignment\templates\includes first seen with mtime 1745877329.1198592
DEBUG 2025-05-08 17:06:18,319 autoreload 7104 25060 File C:\Users\Нияз\PycharmProjects\metallurg_production\shift_assignment\templates\shift_assignment first seen with mtime 1746188363.429412
DEBUG 2025-05-08 17:06:18,320 autoreload 7104 25060 File C:\Users\Нияз\PycharmProjects\metallurg_production\shift_assignment\templates\includes\pagination.html first seen with mtime 1745877329.1188588
DEBUG 2025-05-08 17:06:18,320 autoreload 7104 25060 File C:\Users\Нияз\PycharmProjects\metallurg_production\shift_assignment\templates\shift_assignment\archive.html first seen with mtime 1745877009.2663536
DEBUG 2025-05-08 17:06:18,320 autoreload 7104 25060 File C:\Users\Нияз\PycharmProjects\metallurg_production\shift_assignment\templates\shift_assignment\create.html first seen with mtime 1745876865.1579044
DEBUG 2025-05-08 17:06:18,320 autoreload 7104 25060 File C:\Users\Нияз\PycharmProjects\metallurg_production\shift_assignment\templates\shift_assignment\delete.html first seen with mtime 1745876967.995942
DEBUG 2025-05-08 17:06:18,322 autoreload 7104 25060 File C:\Users\Нияз\PycharmProjects\metallurg_production\shift_assignment\templates\shift_assignment\detail.html first seen with mtime 1746188363.429412
DEBUG 2025-05-08 17:06:18,322 autoreload 7104 25060 File C:\Users\Нияз\PycharmProjects\metallurg_production\shift_assignment\templates\shift_assignment\list.html first seen with mtime 1745876841.6493728
DEBUG 2025-05-08 17:06:18,322 autoreload 7104 25060 File C:\Users\Нияз\PycharmProjects\metallurg_production\shift_assignment\templates\shift_assignment\update.html first seen with mtime 1745876951.7288246
DEBUG 2025-05-08 17:06:18,323 autoreload 7104 25060 File C:\Users\Нияз\PycharmProjects\metallurg_production\shift_assignment\templates\shift_assignment\upload.html first seen with mtime 1745876896.4154034
DEBUG 2025-05-08 17:06:18,324 autoreload 7104 25060 File C:\Users\Нияз\PycharmProjects\metallurg_production\production_plan\templates\base.html first seen with mtime 1746703804.565863
DEBUG 2025-05-08 17:06:18,325 autoreload 7104 25060 File C:\Users\Нияз\PycharmProjects\metallurg_production\production_plan\templates\production_plan first seen with mtime 1746705742.006705
DEBUG 2025-05-08 17:06:18,325 autoreload 7104 25060 File C:\Users\Нияз\PycharmProjects\metallurg_production\production_plan\templates\production_plan\create.html first seen with mtime 1744818800.7882454
DEBUG 2025-05-08 17:06:18,325 autoreload 7104 25060 File C:\Users\Нияз\PycharmProjects\metallurg_production\production_plan\templates\production_plan\delete.html first seen with mtime 1744482514.2422924
DEBUG 2025-05-08 17:06:18,326 autoreload 7104 25060 File C:\Users\Нияз\PycharmProjects\metallurg_production\production_plan\templates\production_plan\detail.html first seen with mtime 1744482551.2677667
DEBUG 2025-05-08 17:06:18,326 autoreload 7104 25060 File C:\Users\Нияз\PycharmProjects\metallurg_production\production_plan\templates\production_plan\list.html first seen with mtime 1746705742.005689
DEBUG 2025-05-08 17:06:18,326 autoreload 7104 25060 File C:\Users\Нияз\PycharmProjects\metallurg_production\production_plan\templates\production_plan\update.html first seen with mtime 1744482469.1056044
DEBUG 2025-05-08 17:06:18,326 autoreload 7104 25060 File C:\Users\Нияз\PycharmProjects\metallurg_production\production_plan\templates\production_plan\upload.html first seen with mtime 1746703127.7059648
DEBUG 2025-05-08 17:06:18,327 autoreload 7104 25060 File C:\Users\Нияз\PycharmProjects\metallurg_production\users\templates\users first seen with mtime 1746464983.971168
DEBUG 2025-05-08 17:06:18,328 autoreload 7104 25060 File C:\Users\Нияз\PycharmProjects\metallurg_production\users\templates\users\login.html first seen with mtime 1746204543.042534
DEBUG 2025-05-08 17:06:18,328 autoreload 7104 25060 File C:\Users\Нияз\PycharmProjects\metallurg_production\users\templates\users\logout.html first seen with mtime 1744487535.4654346
DEBUG 2025-05-08 17:06:18,328 autoreload 7104 25060 File C:\Users\Нияз\PycharmProjects\metallurg_production\users\templates\users\profile.html first seen with mtime 1746464983.971168
DEBUG 2025-05-08 17:06:18,329 autoreload 7104 25060 File C:\Users\Нияз\PycharmProjects\metallurg_production\users\templates\users\register.html first seen with mtime 1745135109.9379296
DEBUG 2025-05-08 17:06:18,329 autoreload 7104 25060 File C:\Users\Нияз\PycharmProjects\metallurg_production\users\templates\users\shift_archive.html first seen with mtime 1745866099.2173028
DEBUG 2025-05-08 17:06:18,330 autoreload 7104 25060 File C:\Users\Нияз\PycharmProjects\metallurg_production\users\templates\users\shift_schedule.html first seen with mtime 1745866099.2022507
DEBUG 2025-05-08 17:06:18,330 autoreload 7104 25060 File C:\Users\Нияз\PycharmProjects\metallurg_production\users\templates\users\update.html first seen with mtime 1745866099.230385
DEBUG 2025-05-08 17:06:19,489 autoreload 7104 25060 File C:\Users\Нияз\PycharmProjects\metallurg_production\config\wsgi.py first seen with mtime 1744465317.3185618
DEBUG 2025-05-08 17:06:19,490 autoreload 7104 25060 File C:\Users\Нияз\PycharmProjects\metallurg_production\.venv\Lib\site-packages\django\contrib\auth\migrations\0006_require_contenttypes_0002.py first seen with mtime 1744465209.6377697
DEBUG 2025-05-08 17:06:19,491 autoreload 7104 25060 File C:\Users\Нияз\PycharmProjects\metallurg_production\.venv\Lib\site-packages\django\contrib\auth\migrations\0011_update_proxy_permissions.py first seen with mtime 1744465209.6420405
DEBUG 2025-05-08 17:06:19,491 autoreload 7104 25060 File C:\Users\Нияз\PycharmProjects\metallurg_production\production_plan\migrations\__init__.py first seen with mtime 1744467329.4287698
DEBUG 2025-05-08 17:06:19,491 autoreload 7104 25060 File C:\Users\Нияз\PycharmProjects\metallurg_production\.venv\Lib\site-packages\django\contrib\admin\migrations\0002_logentry_remove_auto_add.py first seen with mtime 1744465208.970207
DEBUG 2025-05-08 17:06:19,492 autoreload 7104 25060 File C:\Users\Нияз\PycharmProjects\metallurg_production\.venv\Lib\site-packages\django\contrib\auth\migrations\0012_alter_user_first_name_max_length.py first seen with mtime 1744465209.6420405
DEBUG 2025-05-08 17:06:19,492 autoreload 7104 25060 File C:\Users\Нияз\PycharmProjects\metallurg_production\users\migrations\0001_initial.py first seen with mtime 1746564339.8835385
DEBUG 2025-05-08 17:06:19,492 autoreload 7104 25060 File C:\Users\Нияз\PycharmProjects\metallurg_production\.venv\Lib\site-packages\django\contrib\contenttypes\migrations\__init__.py first seen with mtime 1744465209.8706071
DEBUG 2025-05-08 17:06:19,493 autoreload 7104 25060 File C:\Users\Нияз\PycharmProjects\metallurg_production\.venv\Lib\site-packages\django\contrib\auth\migrations\0001_initial.py first seen with mtime 1744465209.633768
DEBUG 2025-05-08 17:06:19,493 autoreload 7104 25060 File C:\Users\Нияз\PycharmProjects\metallurg_production\.venv\Lib\site-packages\django\contrib\contenttypes\migrations\0001_initial.py first seen with mtime 1744465209.8696032
DEBUG 2025-05-08 17:06:19,494 autoreload 7104 25060 File C:\Users\Нияз\PycharmProjects\metallurg_production\.venv\Lib\site-packages\django\contrib\contenttypes\migrations\0002_remove_content_type_name.py first seen with mtime 1744465209.8706071
DEBUG 2025-05-08 17:06:19,495 autoreload 7104 25060 File C:\Users\Нияз\PycharmProjects\metallurg_production\.venv\Lib\site-packages\django\contrib\auth\migrations\0002_alter_permission_name_max_length.py first seen with mtime 1744465209.6347735
DEBUG 2025-05-08 17:06:19,496 autoreload 7104 25060 File C:\Users\Нияз\PycharmProjects\metallurg_production\production_plan\migrations\0001_initial.py first seen with mtime 1746564339.8742914
DEBUG 2025-05-08 17:06:19,497 autoreload 7104 25060 File C:\Users\Нияз\PycharmProjects\metallurg_production\.venv\Lib\site-packages\django\contrib\auth\migrations\__init__.py first seen with mtime 1744465209.6432505
DEBUG 2025-05-08 17:06:19,498 autoreload 7104 25060 File C:\Users\Нияз\PycharmProjects\metallurg_production\users\migrations\__init__.py first seen with mtime 1744466625.152413
DEBUG 2025-05-08 17:06:19,499 autoreload 7104 25060 File C:\Users\Нияз\PycharmProjects\metallurg_production\.venv\Lib\site-packages\django\contrib\auth\migrations\0004_alter_user_username_opts.py first seen with mtime 1744465209.6367698
DEBUG 2025-05-08 17:06:19,499 autoreload 7104 25060 File C:\Users\Нияз\PycharmProjects\metallurg_production\.venv\Lib\site-packages\django\contrib\auth\migrations\0003_alter_user_email_max_length.py first seen with mtime 1744465209.63577
DEBUG 2025-05-08 17:06:19,500 autoreload 7104 25060 File C:\Users\Нияз\PycharmProjects\metallurg_production\.venv\Lib\site-packages\django\contrib\sessions\backends\db.py first seen with mtime 1744465211.4349453
DEBUG 2025-05-08 17:06:19,500 autoreload 7104 25060 File C:\Users\Нияз\PycharmProjects\metallurg_production\.venv\Lib\site-packages\django\contrib\auth\migrations\0010_alter_group_name_max_length.py first seen with mtime 1744465209.6410425
DEBUG 2025-05-08 17:06:19,500 autoreload 7104 25060 File C:\Users\Нияз\PycharmProjects\metallurg_production\.venv\Lib\site-packages\django\contrib\sessions\migrations\__init__.py first seen with mtime 1744465211.679963
DEBUG 2025-05-08 17:06:19,501 autoreload 7104 25060 File C:\Users\Нияз\PycharmProjects\metallurg_production\shift_assignment\migrations\__init__.py first seen with mtime 1744467419.8238027
DEBUG 2025-05-08 17:06:19,502 autoreload 7104 25060 File C:\Users\Нияз\PycharmProjects\metallurg_production\.venv\Lib\site-packages\django\contrib\admin\migrations\__init__.py first seen with mtime 1744465208.9722078
DEBUG 2025-05-08 17:06:19,503 autoreload 7104 25060 File C:\Users\Нияз\PycharmProjects\metallurg_production\.venv\Lib\site-packages\django\contrib\auth\migrations\0008_alter_user_username_max_length.py first seen with mtime 1744465209.640044
DEBUG 2025-05-08 17:06:19,505 autoreload 7104 25060 File C:\Users\Нияз\PycharmProjects\metallurg_production\.venv\Lib\site-packages\django\contrib\auth\migrations\0007_alter_validators_add_error_messages.py first seen with mtime 1744465209.6390064
DEBUG 2025-05-08 17:06:19,505 autoreload 7104 25060 File C:\Users\Нияз\PycharmProjects\metallurg_production\.venv\Lib\site-packages\django\db\migrations\writer.py first seen with mtime 1744465212.319951
DEBUG 2025-05-08 17:06:19,506 autoreload 7104 25060 File C:\Users\Нияз\PycharmProjects\metallurg_production\shift_assignment\migrations\0002_initial.py first seen with mtime 1746564339.8820386
DEBUG 2025-05-08 17:06:19,507 autoreload 7104 25060 File C:\Users\Нияз\PycharmProjects\metallurg_production\.venv\Lib\site-packages\django\contrib\auth\migrations\0009_alter_user_last_name_max_length.py first seen with mtime 1744465209.6410425
DEBUG 2025-05-08 17:06:19,509 autoreload 7104 25060 File C:\Users\Нияз\PycharmProjects\metallurg_production\.venv\Lib\site-packages\django\core\management\sql.py first seen with mtime 1744465212.2048295
DEBUG 2025-05-08 17:06:19,509 autoreload 7104 25060 File C:\Users\Нияз\AppData\Local\Programs\Python\Python312\Lib\encodings\idna.py first seen with mtime 1712656218.0
DEBUG 2025-05-08 17:06:19,510 autoreload 7104 25060 File C:\Users\Нияз\PycharmProjects\metallurg_production\shift_assignment\migrations\0001_initial.py first seen with mtime 1746564339.8797276
DEBUG 2025-05-08 17:06:19,511 autoreload 7104 25060 File C:\Users\Нияз\PycharmProjects\metallurg_production\.venv\Lib\site-packages\django\core\management\commands\migrate.py first seen with mtime 1744465212.2206118
DEBUG 2025-05-08 17:06:19,512 autoreload 7104 25060 File C:\Users\Нияз\PycharmProjects\metallurg_production\.venv\Lib\site-packages\django\db\migrations\executor.py first seen with mtime 1744465212.308715
DEBUG 2025-05-08 17:06:19,512 autoreload 7104 25060 File C:\Users\Нияз\PycharmProjects\metallurg_production\.venv\Lib\site-packages\django\contrib\sessions\migrations\0001_initial.py first seen with mtime 1744465211.678964
DEBUG 2025-05-08 17:06:19,513 autoreload 7104 25060 File C:\Users\Нияз\PycharmProjects\metallurg_production\.venv\Lib\site-packages\django\contrib\admin\migrations\0003_logentry_add_action_flag_choices.py first seen with mtime 1744465208.9712071
DEBUG 2025-05-08 17:06:19,514 autoreload 7104 25060 File C:\Users\Нияз\PycharmProjects\metallurg_production\.venv\Lib\site-packages\django\views\csrf.py first seen with mtime 1744465212.5918825
DEBUG 2025-05-08 17:06:19,515 autoreload 7104 25060 File C:\Users\Нияз\AppData\Local\Programs\Python\Python312\Lib\stringprep.py first seen with mtime 1712656218.0
DEBUG 2025-05-08 17:06:19,519 autoreload 7104 25060 File C:\Users\Нияз\PycharmProjects\metallurg_production\.venv\Lib\site-packages\django\contrib\auth\migrations\0005_alter_user_last_login_null.py first seen with mtime 1744465209.6367698
DEBUG 2025-05-08 17:06:19,520 autoreload 7104 25060 File C:\Users\Нияз\PycharmProjects\metallurg_production\.venv\Lib\site-packages\django\core\cache\backends\locmem.py first seen with mtime 1744465212.1510313
DEBUG 2025-05-08 17:06:19,521 autoreload 7104 25060 File C:\Users\Нияз\PycharmProjects\metallurg_production\.venv\Lib\site-packages\django\contrib\admin\migrations\0001_initial.py first seen with mtime 1744465208.9677396
DEBUG 2025-05-08 17:06:19,522 autoreload 7104 25060 File C:\Users\Нияз\PycharmProjects\metallurg_production\.venv\Lib\site-packages\django\db\migrations\serializer.py first seen with mtime 1744465212.315128
DEBUG 2025-05-08 17:06:19,523 autoreload 7104 25060 File C:\Users\Нияз\PycharmProjects\metallurg_production\production_plan\migrations\0002_initial.py first seen with mtime 1746564339.8767161
DEBUG 2025-05-08 17:08:45,874 autoreload 7104 25060 File C:\Users\Нияз\PycharmProjects\metallurg_production\config\settings.py previous mtime: 1746705963.7245965, current mtime: 1746706124.9096987
DEBUG 2025-05-08 17:08:45,909 autoreload 7104 25060 C:\Users\Нияз\PycharmProjects\metallurg_production\config\settings.py notified as changed. Signal results: [(<function template_changed at 0x000001FB09C58540>, None), (<function translation_file_changed at 0x000001FB0ABC34C0>, None)].
INFO 2025-05-08 17:08:45,915 autoreload 7104 25060 C:\Users\Нияз\PycharmProjects\metallurg_production\config\settings.py changed, reloading.
